participant_id,total_distance_norm,max_velocity_norm_s,min_velocity_norm_s,mean_velocity_norm_s,std_velocity_norm_s,n_steps
01caf55c-3693-4aa3-bac2-862230173a5e,125.91760141196966,51.886206793811766,0.0,0.6382332221774073,2.932886905285673,4889
01f97700-9c92-4464-9bf8-21132acaa881,49.75931391816094,46.16517654530072,0.0,0.7451446564387698,2.9851975329108256,1423
05bcca80-e838-4ef3-8ba8-39e870310e8f,26.969957833997405,56.39657644181292,0.0,0.5266464084481539,2.916134364721201,1282
09836b97-00f6-47f3-b9aa-c34ad5867121,48.51654520030987,61.207524508999605,0.0,1.0039216788997887,4.438612943865308,1034
0c8e7770-1c3e-40d4-af3e-561d63ec9aa3,41.41580148386199,64.2466379136334,0.0,1.293324271719025,4.685088131607515,788
10bcc14f-7fd9-4646-80bc-7eff4d2e1097,25.555861991068156,37.21272281766031,0.0,1.676361774214972,4.246060066323815,382
10e43c6b-430c-47be-8c7e-acfe0fe439b5,25.802599921308968,42.455944712462596,0.0,0.8193570617537572,2.925097313684972,656
125fe34e-d1f0-498a-8fd0-5d0cf21e030d,62.628479720086354,73.10165042887195,0.0,0.9586188811007262,4.473504558266808,1670
15b9dd42-a1f4-43d2-a040-9bfa65d63082,43.808231273974855,45.99597964981852,0.0,0.4125441009985194,2.092159869139487,2602
1826a545-f6f3-47b9-a091-81477ba89250,29.35169093055355,76.85525828219942,0.0,0.6081671379688475,3.312585869185844,1263
21e9b22a-8b1c-4ce7-ab1e-b805e86aaf46,31.09506573305189,51.70186864113959,0.0,0.6305675809393378,3.102925793669222,1243
23242b4f-c591-42a9-98cd-e26b42ba18ad,69.08287307758424,51.60149242517453,0.0,2.296957198383442,5.871397449061447,503
241ca21f-0214-47fa-933c-b2c656f1819d,99.39251458265635,48.28302841761182,0.0,0.5883648530351713,2.1075407810869877,3601
2a36f61f-3be1-4127-b878-3cc2adc0be75,27.287774176516308,51.72084733163624,0.0,0.6556258189154026,2.2709088846974184,1039
2a788a65-9288-433d-8ecb-788fe69b57cd,77.00306167475343,71.7734872689605,0.0,1.3052416712116146,5.658609378711884,1478
2b5fd31a-dc2d-4c05-95ff-75759c2649bf,28.544134013137082,58.45113171166795,0.0,1.2813648523504155,5.033252771345449,556
2c25fe81-e77f-42e9-a479-03b5afe3458f,19.872829461398435,58.882337774573564,0.0,0.6405858814797595,3.322301389296294,715
2dc94996-ea7a-44cc-be3b-0bbd7ec42803,44.768753815564764,84.52558354471037,0.0,0.7608563279234344,4.694921657362705,1506
2f307df5-73a6-4ad9-95a1-c6498d36592c,9.182390883488628,72.39191861785763,0.0,0.35232549636422666,4.830945708925578,417
302cd5a0-6497-4343-9fd1-2ec4452aa871,53.09474274248864,47.88252621512912,0.0,0.9756166657243123,3.7637522461966166,1380
323f6fc6-61e4-4046-aef4-847a1bec0563,37.43996602956358,58.375877471060114,0.0,0.599689560385852,3.146836825257207,1488
34b28b92-79f6-485d-8575-d6a9fa2384d0,8.623354571834165,140.40866688290393,0.0,0.21247547007508774,4.992349922972838,1006
35e66184-3e42-45f7-bf6a-5d675bcac6da,50.398837458763175,51.194967615102925,0.0,0.863256183860293,2.919489099892117,1465
3d04f793-44fb-481f-99d5-1eb2fb1147e4,33.84139582605185,70.5969682650158,0.0,0.13582173451872,1.280574006550791,6190
3e13c82d-da28-4d66-ba9a-2d0a95d8b438,15.431347042307044,94.77255845421648,0.0,0.27952307342492727,4.369509574123356,1185
3f225600-a051-470e-933a-a9a60cdc22da,57.131648923141064,42.997939118540586,0.0,0.6630217410581266,2.9588153343585257,2093
40dd8dc8-0dfe-4644-a0e4-28121e4e7b42,133.2004868230568,57.646911302194496,0.0,0.6083061103594822,3.316366435736673,5453
41d30187-dfd3-43cd-8504-1e8c11db983d,20.07564894564178,63.08141156544763,0.0,0.6891757140200988,3.468590444242056,715
43cddaa8-35f1-4dc3-bcdf-fd80d1b7c5a8,64.26689891113969,49.481329196257455,0.0,0.6806674071203606,2.519904645100085,1760
44c59528-60b4-4714-bbce-2bf537e97e56,56.0152778548714,45.024318163481105,0.0,1.0389619919351694,4.009849472545134,1128
458e3744-4439-4fdc-826c-5dc2212959b0,17.78785653155495,53.7584250253113,0.0,1.0636190181432739,5.017048847842115,421
48c12875-5184-434e-9495-d52cad451850,29.190271608068713,44.443446889934485,0.0,0.6280478180739525,2.2914407682972158,1131
4a16ecf4-0324-4baf-a38f-1ea98ce73fc3,6.391757395062584,102.95952150849959,0.0,0.48800265816060134,6.3572220990049,322
4aa8ea4c-b876-4599-a707-1bad68e2ac47,58.34493290435843,71.20295561086702,0.0,0.7136526005547178,4.17579958448384,2087
4b7264c1-03ae-4401-ae7b-3d5418e244fa,32.443538436195745,51.15010720776486,0.0,0.6867574324167625,3.3497894875749266,1158
4b735901-9e3e-43de-8dd8-54e74dcf0910,37.578278718719794,130.02180615587898,0.0,0.8860544182278864,6.224716765592375,1051
4b8b5d28-8ca9-4b2d-be09-796cd60ff22f,7.260351213153186,62.05396397043822,0.0,2.0852783180067043,7.875028975174326,75
50af3813-4730-4b8e-b200-16ba76811d68,16.434624733928395,53.84667076062885,0.0,1.0228939898164622,4.928817299016151,403
50cb55ec-c55f-4275-b3f8-a119e6ae6ef1,80.78739454655708,151.55819663907707,0.0,0.6055319846255309,4.126514090287171,3276
51381787-c3a4-4a69-a44d-0750124ee2ad,276.6903793750176,105.27172966513672,0.0,0.8981282110856905,4.0332971116065295,7808
51c72b18-d63d-4293-a20a-58955ea921f9,9.422587502553087,50.261463048926544,0.0,0.4877413674181089,3.086624112400584,474
51eeb71d-7fb3-47dc-ae2a-00e20701fa68,15.460893218126621,138.81677140012914,0.0,0.14421684935907425,3.5033319152780784,2642
5dea9317-cab2-4546-bc93-eb063052932c,18.356402291382988,124.21691792359648,0.0,0.29297295309429455,4.838705504745024,1527
5e38168c-c307-4cd5-a939-b94dca4a69e1,48.17136805530222,55.70023148148149,0.0,0.6338273003261147,2.896010613362186,1884
65b68a45-2b10-49f3-8a4a-8315ef68f969,16.678041103100668,70.82258427142546,0.0,0.4958416828920874,3.359069747317439,849
676840dc-d964-41e5-ad5b-dba3ca8f0208,8.259248333442821,118.14415195111366,0.0,0.3836526412190537,5.7613021972273035,457
68ec06a0-df0b-4061-bbee-6731a0867c41,47.786716401861945,54.35855963892078,0.0,0.9990319786059847,3.373669855189796,1199
6b42fb53-9d79-42ea-b1a9-1432d91cc505,72.15499179416376,71.21503047564818,0.0,0.9319305787953273,4.247373709034206,1849
6c31c25e-c5dd-41fb-b6c9-87bea11b8a8f,36.75747175277374,67.8452494214055,0.0,0.792556678025491,3.485822988989853,1191
6fde05fb-ad92-4919-a93f-50f610305a99,16.585442632912955,29.129576922017094,0.0,0.5298699619148534,2.7997758792433083,522
702af4cc-906d-40b9-aa8d-8e99be992bde,35.44329142862044,96.16225194072292,0.0,0.7122167408155233,3.828106159365004,1228
708db045-62f6-4722-b354-0cd16fac4d4a,37.94810115067115,59.132829967347654,0.0,1.139390565284643,4.5838896807325495,816
72068e71-91db-442d-8bcd-be58091a7210,16.21935598138681,54.53816613941345,0.0,0.7088375940786792,3.07175633327745,538
733a2e49-2496-4e7a-8429-aa233d6038e0,38.74489808375727,41.061481198659074,0.0,1.1071925671065783,4.4599990212393275,583
76df77f4-c446-4c7b-a4ea-93a0a4804064,25.641016013490617,41.31216594242713,0.0,0.8148206875046528,2.785982405281563,792
7d4a763e-d896-4860-93a1-bad23bde6d35,67.10383408376076,104.34349604342937,0.0,1.021938785925355,5.128244141279759,1621
7e12c6e6-3302-459e-8b4e-6dc42fbc6bea,10.390857447100302,13.106296403864263,0.0,0.5744895541694661,1.408859758428492,451
81fe54b8-48d6-4929-970f-a999e75bb7f1,11.610868146369347,85.31375431269475,0.0,0.3924771524743859,4.741517389117422,721
82b8fe9e-d03d-4a52-9b6c-867b927e02e1,85.72372397596828,46.23698814039134,0.0,0.9288411356991144,3.271652656662514,2311
8aef2386-7368-499e-a2c5-f4b5da726020,31.096957139050456,48.09470362385952,0.0,1.2536914466924511,4.558131731217061,587
8e0c9b01-b81c-43c8-bb2f-35742dc5b516,47.94740658576699,47.94898484526368,0.0,0.5727321387433263,2.9614031907637086,2077
97f16cb2-4702-4c1b-9ff8-ec0646a97f40,27.198857420668375,72.20897550677404,0.0,0.5525659027235895,3.1345431290079357,1252
98102009-4760-4c36-822a-0e48ece5d5fb,39.788196366838434,86.10788597030697,0.0,0.7729390987387647,3.4236439642946985,1301
9aeb0915-3140-4f9c-bc4b-6c5e899eb9da,67.28944933812052,58.01140359295999,0.0,0.755066610973795,3.632512526867968,2250
9daba0c2-5e80-465c-bbbd-f824d9c24657,35.85442363191368,50.09327932326329,0.0,0.9607592485305828,3.6922986834397427,939
a283fcdf-6ba2-4329-8b8a-9bf558c8231a,49.44123653180468,45.23671582118572,0.0,1.2638679911029662,3.7085469099864503,976
a39dd60a-d5b3-4715-b83c-30600cad5cf3,21.19048447373197,27.464392973486476,0.0,0.48865134236032476,2.0929245099079714,869
a3b479f6-0430-44be-a23b-b1e580e826e0,15.395520545555593,40.479706683065466,0.0,1.749450338402669,5.229015574623857,212
a586e2c1-54e8-45ba-963f-6cd8077f1e79,27.95408078650785,79.52754855972107,0.0,0.7383228600337595,4.0603572019995475,922
a784408d-72a4-47b5-9e2f-6dac761f9ffd,26.84714057579086,54.31710690111324,0.0,0.6631738363323632,3.6675949064877007,1022
a8557488-eb49-4d5f-ae1c-b72363c44416,42.0336303636447,48.326925615480086,0.0,0.06327627900843337,0.9175587739603814,16431
a941ce89-6cf0-4690-830f-cd35b97730fc,20.088193553561183,116.7762072052272,0.0,0.4911411913018109,6.148284598729193,683
aa394ce7-db73-4ab9-9735-eece7d619911,27.612629229978833,50.935692457942764,0.0,0.6370247083585873,3.439359578314376,1073
ab15ea54-ae59-4532-b89c-ff821a0116c0,14.527470760212251,34.90298993803057,0.0,0.9860222806068347,4.094764087501762,318
aee0f8a7-c99c-42ae-94c4-d8ec1569987d,43.10678316525757,58.93789216492519,0.0,0.6623465235519336,3.5933356689436073,1629
b73a72b8-9607-4085-9706-7f0f9b926843,89.87899073675025,48.72765415743384,0.0,1.6453157294153502,5.045828495546679,1146
b9c7d764-2da0-4564-b4d7-914e99573ad0,53.509028161078575,54.71603561447194,0.0,0.6840025361477656,3.22471271522704,2030
bad1870e-b99a-4d8e-b4ab-bf544d71d0ec,60.97675413898198,89.28084772358669,0.0,1.8493759417061604,6.427330498321373,827
bc0021f5-8e05-402d-9ce3-a9a63f51f658,91.77221883517902,75.41207590108935,0.0,1.3134901042840867,4.251606637311858,1771
c1b520fe-6dfe-4175-8e0e-12f182397fe6,28.702952454585766,53.63941802217133,0.0,0.7553466519835409,3.112427665746183,949
ca453e48-2aa7-4fdb-9e93-8837f7729333,46.72280308652675,63.89362384164857,0.0,0.9272568107167799,3.2698649669598265,1194
d54c2d38-a344-4acc-a58f-98900e4f3d25,31.148479663231548,45.60780679245337,0.0,1.9053280358054216,5.632832993870226,370
da1fc0bd-2274-48c6-935d-bd4303dfc0a7,36.01744214321902,57.8317094307993,0.0,0.9864309454859468,3.886105119686475,923
dab3e35d-a740-4109-9515-556e82ceb612,15.118158495998685,44.754587815739484,0.0,3.3877133975712046,9.518788412348195,82
ded60c6e-ad75-4508-afdf-8caa0efe3410,55.80555632714895,103.33206610637497,0.0,1.1811854184822683,5.189304442275456,1209
e0706a41-3231-4374-a546-2d56f686f34c,49.392710363356805,44.3989989744818,0.0,1.652308083330479,4.734778779225451,705
e2de2353-af57-4348-aa6b-a0e7cfb609d1,36.82894482091877,56.88109246684022,0.0,0.7210321046131135,2.851312413296532,1267
e3a761b1-e739-49a7-bd95-cf33e2a3813c,27.221563802099357,50.148189207821595,0.0,1.6673643668152167,4.678003676892529,405
e4410d18-7cd2-4198-9c4a-67901559288f,39.31732595053717,75.82965450646974,0.0,1.4151410411170195,5.7121195492233925,693
e4bdced0-2d54-4933-84d0-f3f80c285a06,23.63640876174677,64.6444766036288,0.0,1.2084178635027105,4.723099568353198,502
e61b4eb5-dbda-48c1-b18a-899e7395c612,29.800948014799907,44.33843812515486,0.0,0.5429385268734023,2.346123087155697,1376
e8d06654-451d-4d8f-b3f7-dd47d9317828,93.23640551012875,48.37950341734492,0.0,2.840728967125983,5.524455281433682,803
ea3dc494-f4e6-48c2-813c-6de68d7a45e8,52.06104113943034,63.62000115956333,0.0,1.070601664620154,3.8614998793196853,1219
eb870660-81e6-42e1-be24-2ca77d82d4ce,17.727219772760343,88.82628278817971,0.0,0.7014014395409172,4.539350315829937,635
ec43a56a-d5a9-42a4-98fa-46840df7e093,21.67467008156503,45.75724548957759,0.0,1.0464302976269502,3.5566443228194586,432
ed69ac01-e271-4d3c-bf27-f6d78d635fe4,8.639850225341432,145.70231980667518,0.0,0.36711656965668177,6.655730874651902,575
ed793ccf-cf9c-4b54-9951-a243e876cc49,12.792225040070772,91.88214999206565,0.0,0.13008328319531412,2.1003654773732765,2588
f5a43f10-de46-4cf5-bce3-9df18286d3d4,87.04170621711147,46.9838995143214,0.0,1.7533544939418286,4.121517668171215,1076
f5b5e557-ecf7-4d49-a4b3-1c2cde77ea6f,53.38604343044959,151.48511526305094,0.0,0.6592551937900999,5.21170102279737,2045
f709f384-1ebc-4302-978c-d19289570ee9,26.91324765692634,55.42207501234943,0.0,0.5248705416904693,2.9147014939265468,1265
f8350255-0cb7-49ec-a1ed-f6d608da537a,98.85551646960108,59.363813241435025,0.0,1.3288560692371085,4.8379122066815965,1565
f848edac-87b3-458d-8ccc-7759502a11c9,36.56224074894239,65.47661654232114,0.0,1.1474353732499496,4.303607239846203,783
f97814c0-fdd1-4911-ae4f-aa1459d6fa5b,61.26780169754639,62.66480992914581,0.0,1.4804019883001702,5.824690187372102,1019
fc278ad6-5094-4033-8af8-1a9f63a49278,20.25212393354394,67.23593336152362,0.0,1.0856749911192327,3.9420667060664982,484
fe672941-07cb-4dcc-9668-f50d2d067848,56.35933968183984,116.08884385717145,0.0,0.9087624918390258,5.002421687563036,1623
