participant_id,total_distance_norm,max_velocity_norm_s,min_velocity_norm_s,mean_velocity_norm_s,std_velocity_norm_s,n_steps,phase
01caf55c-3693-4aa3-bac2-862230173a5e,41.48237343445684,18.829098713501224,0.0,0.6276163807898508,2.3547027717794533,1630,early
01f97700-9c92-4464-9bf8-21132acaa881,11.04548272524677,46.16517654530072,0.0,0.49380638308579977,2.885591487928243,489,early
05bcca80-e838-4ef3-8ba8-39e870310e8f,6.59017325785712,56.39657644181292,0.0,0.38566645785550346,2.9329860702960553,428,early
09836b97-00f6-47f3-b9aa-c34ad5867121,2.8379002100777835,32.817599808162406,0.0,0.1779224750885484,1.7838594304632227,345,early
0c8e7770-1c3e-40d4-af3e-561d63ec9aa3,18.734704614523658,39.842705294898664,0.0,1.738889996140949,4.300316565726762,265,early
10bcc14f-7fd9-4646-80bc-7eff4d2e1097,15.072483370321967,37.21272281766031,0.0,2.900754373124676,6.012840106736894,130,early
10e43c6b-430c-47be-8c7e-acfe0fe439b5,6.386057030583696,40.20531761692386,0.0,0.616418253248979,2.982035555746745,220,early
125fe34e-d1f0-498a-8fd0-5d0cf21e030d,10.668180905798659,73.10165042887195,0.0,0.5064479144906531,3.7633653016788484,557,early
15b9dd42-a1f4-43d2-a040-9bfa65d63082,8.398989157613201,45.99597964981852,0.0,0.23562603524971543,1.775374173448896,872,early
1826a545-f6f3-47b9-a091-81477ba89250,0.0,0.0,0.0,0.0,0.0,421,early
21e9b22a-8b1c-4ce7-ab1e-b805e86aaf46,8.297762396677243,51.70186864113959,0.0,0.5195458519149907,2.9728512580966546,414,early
23242b4f-c591-42a9-98cd-e26b42ba18ad,25.955498950849137,51.60149242517453,0.0,2.5415174824960958,6.3826072102615266,171,early
241ca21f-0214-47fa-933c-b2c656f1819d,23.157939580907307,48.28302841761182,0.0,0.41201170277514115,2.009083402086907,1199,early
2a36f61f-3be1-4127-b878-3cc2adc0be75,8.304225156779953,51.72084733163624,0.0,0.5968868175405989,3.0172527305391412,346,early
2a788a65-9288-433d-8ecb-788fe69b57cd,14.782804846217488,71.7734872689605,0.0,0.7514918474487727,4.472526359468258,493,early
2b5fd31a-dc2d-4c05-95ff-75759c2649bf,6.806466743580748,52.0515128755446,0.0,0.9129100785281398,4.437885871482253,187,early
2c25fe81-e77f-42e9-a479-03b5afe3458f,11.034187914850055,58.882337774573564,0.0,1.1413568948970947,4.987578795153794,242,early
2dc94996-ea7a-44cc-be3b-0bbd7ec42803,9.397991209212766,84.52558354471037,0.0,0.5022751589938793,4.918134923616566,503,early
2f307df5-73a6-4ad9-95a1-c6498d36592c,0.0,0.0,0.0,0.0,0.0,144,early
302cd5a0-6497-4343-9fd1-2ec4452aa871,18.034109471498418,47.88252621512912,0.0,1.002639855886431,3.9572245404448827,461,early
323f6fc6-61e4-4046-aef4-847a1bec0563,4.046472731824155,58.375877471060114,0.0,0.2004962376631181,2.6982815344527955,504,early
34b28b92-79f6-485d-8575-d6a9fa2384d0,0.0,0.0,0.0,0.0,0.0,335,early
35e66184-3e42-45f7-bf6a-5d675bcac6da,16.218503029770343,51.194967615102925,0.0,0.8338494162097541,3.0254055756439873,489,early
3d04f793-44fb-481f-99d5-1eb2fb1147e4,17.50829716923393,70.5969682650158,0.0,0.2128112194240166,1.8490461263934321,2064,early
3e13c82d-da28-4d66-ba9a-2d0a95d8b438,0.0,0.0,0.0,0.0,0.0,396,early
3f225600-a051-470e-933a-a9a60cdc22da,20.68770421615292,39.68647142616305,0.0,0.7296767001908769,2.5216598394906766,698,early
40dd8dc8-0dfe-4644-a0e4-28121e4e7b42,54.43586937394046,50.952633072132116,0.0,0.7424948772818049,3.198863161972727,1818,early
41d30187-dfd3-43cd-8504-1e8c11db983d,5.429518031672981,63.08141156544763,0.0,0.5574283596558468,4.433176087726004,241,early
43cddaa8-35f1-4dc3-bcdf-fd80d1b7c5a8,2.853040281993332,49.481329196257455,0.0,0.08888920342521062,2.026002036457539,597,early
44c59528-60b4-4714-bbce-2bf537e97e56,22.02026851070438,45.024318163481105,0.0,1.2309501187091614,4.144994637930594,376,early
458e3744-4439-4fdc-826c-5dc2212959b0,0.0,0.0,0.0,0.0,0.0,145,early
4828aa3f-bcbc-4b53-8555-b01fceb42341,8.123287039441392,46.225918811947935,0.0,2.9156169055417944,6.3857389129435465,68,early
48c12875-5184-434e-9495-d52cad451850,6.94978687673944,44.443446889934485,0.0,0.46354316667408374,2.725076579468712,378,early
4a16ecf4-0324-4baf-a38f-1ea98ce73fc3,0.0,0.0,0.0,0.0,0.0,110,early
4aa8ea4c-b876-4599-a707-1bad68e2ac47,16.152697442999074,46.72132036703302,0.0,0.5824425174819549,3.5299029460269877,696,early
4b7264c1-03ae-4401-ae7b-3d5418e244fa,6.2177265386880105,51.15010720776486,0.0,0.3962595869685994,3.070559016662192,385,early
4b735901-9e3e-43de-8dd8-54e74dcf0910,5.497578783113864,48.939766514136515,0.0,0.4069763171599853,3.6768393557728234,350,early
4b8b5d28-8ca9-4b2d-be09-796cd60ff22f,4.101080347214709,62.05396397043822,0.0,3.7607356017932676,12.620300711596203,27,early
50af3813-4730-4b8e-b200-16ba76811d68,0.0,0.0,0.0,0.0,0.0,136,early
50cb55ec-c55f-4275-b3f8-a119e6ae6ef1,14.506260815307094,151.55819663907707,0.0,0.3192958034680309,5.043258247917893,1111,early
51381787-c3a4-4a69-a44d-0750124ee2ad,70.45480547773361,56.943396353867136,0.0,0.6846273850280564,3.0757520575276076,2603,early
51c72b18-d63d-4293-a20a-58955ea921f9,3.115270922201508,50.261463048926544,0.0,0.4840813192820477,4.064761557387809,160,early
51eeb71d-7fb3-47dc-ae2a-00e20701fa68,0.0,0.0,0.0,0.0,0.0,880,early
5dea9317-cab2-4546-bc93-eb063052932c,0.0,0.0,0.0,0.0,0.0,512,early
5e38168c-c307-4cd5-a939-b94dca4a69e1,9.849562734392858,43.794867837302135,0.0,0.3855070710023783,2.4580291247981267,630,early
65b68a45-2b10-49f3-8a4a-8315ef68f969,6.6968414540204595,70.82258427142546,0.0,0.6040591468584846,4.336728900651054,285,early
676840dc-d964-41e5-ad5b-dba3ca8f0208,0.0,0.0,0.0,0.0,0.0,156,early
68ec06a0-df0b-4061-bbee-6731a0867c41,10.490056748252863,54.35855963892078,0.0,0.6476463649140944,3.290903686956871,400,early
6b42fb53-9d79-42ea-b1a9-1432d91cc505,8.541254555552964,55.72636433574033,0.0,0.3362903856603545,2.616080247635554,617,early
6c31c25e-c5dd-41fb-b6c9-87bea11b8a8f,5.155246877059794,67.8452494214055,0.0,0.3474582638121962,3.59522986077509,397,early
6fde05fb-ad92-4919-a93f-50f610305a99,4.665484873668647,29.129576922017094,0.0,0.43484173186253566,2.67728533900539,178,early
702af4cc-906d-40b9-aa8d-8e99be992bde,15.390919239345292,41.23662638029882,0.0,0.9234602503595745,3.3427595668524246,410,early
708db045-62f6-4722-b354-0cd16fac4d4a,4.885931801413071,59.132829967347654,0.0,0.45630772432464106,3.7306278278894416,274,early
72068e71-91db-442d-8bcd-be58091a7210,8.011803093709148,54.53816613941345,0.0,1.0918751072493074,4.498934630446216,182,early
733a2e49-2496-4e7a-8429-aa233d6038e0,11.942612277046116,32.39318658715192,0.0,1.0155444060954724,4.0941631997867844,196,early
76df77f4-c446-4c7b-a4ea-93a0a4804064,5.562453406815844,41.31216594242713,0.0,0.5462696436540025,2.932675235895409,265,early
7d4a763e-d896-4860-93a1-bad23bde6d35,20.865266866189472,104.34349604342937,0.0,0.957476317398031,6.974887967797605,541,early
7e12c6e6-3302-459e-8b4e-6dc42fbc6bea,3.0510244170319027,5.701125357608988,0.0,0.5125054762788185,0.8949413946817127,152,early
8020701b-3b7b-4bda-86cf-933fe5466e5a,24.351836016141796,40.48117205058648,0.0,2.687420811192273,4.954617933767126,221,early
81fe54b8-48d6-4929-970f-a999e75bb7f1,4.375563387214687,85.31375431269475,0.0,0.4406259016939735,5.633412013312278,245,early
82b8fe9e-d03d-4a52-9b6c-867b927e02e1,21.393077492606096,46.23698814039134,0.0,0.6940421500408415,3.015119635449028,771,early
8aef2386-7368-499e-a2c5-f4b5da726020,6.247771492659699,48.09470362385952,0.0,0.769264440637159,4.240068950485452,201,early
8e0c9b01-b81c-43c8-bb2f-35742dc5b516,11.696970958751072,47.94898484526368,0.0,0.4309881569218194,2.4945178511997654,692,early
97f16cb2-4702-4c1b-9ff8-ec0646a97f40,12.279299160558883,72.20897550677404,0.0,0.7512879388109045,4.041157291693659,417,early
98102009-4760-4c36-822a-0e48ece5d5fb,14.039311438846777,86.10788597030697,0.0,0.8474138394833495,4.976677061093169,434,early
9aeb0915-3140-4f9c-bc4b-6c5e899eb9da,21.76171262901792,58.01140359295999,0.0,0.7405452270703193,4.496553771001996,750,early
9daba0c2-5e80-465c-bbbd-f824d9c24657,8.328139745303277,50.09327932326329,0.0,0.6584893314078264,3.3774958718571018,317,early
a283fcdf-6ba2-4329-8b8a-9bf558c8231a,5.2641602465998005,45.23671582118572,0.0,0.3889042275112639,2.712940551268584,331,early
a39dd60a-d5b3-4715-b83c-30600cad5cf3,5.03966463773088,18.597511594786642,0.0,0.35473722996428575,1.8164613759957653,294,early
a3b479f6-0430-44be-a23b-b1e580e826e0,4.191517190403881,40.479706683065466,0.0,1.3255333024885043,5.917075862034476,72,early
a586e2c1-54e8-45ba-963f-6cd8077f1e79,5.067115118587396,43.20741869642865,0.0,0.38581983022296856,3.1268110654227677,307,early
a784408d-72a4-47b5-9e2f-6dac761f9ffd,9.41248274614221,50.487761304778935,0.0,0.6982254459224225,3.6333096977299997,341,early
a8557488-eb49-4d5f-ae1c-b72363c44416,25.214520389895394,48.326925615480086,0.0,0.10767334828993559,1.2154109644761388,5793,early
a941ce89-6cf0-4690-830f-cd35b97730fc,8.341667499359872,116.7762072052272,0.0,0.5990855716288331,7.761754132903764,236,early
aa394ce7-db73-4ab9-9735-eece7d619911,11.341327025608683,50.935692457942764,0.0,0.7920274813140884,4.17163281548994,358,early
ab15ea54-ae59-4532-b89c-ff821a0116c0,4.890807146152142,34.90298993803057,0.0,0.9975972224784677,4.461166824394759,106,early
aee0f8a7-c99c-42ae-94c4-d8ec1569987d,13.455255843171797,48.809814859213915,0.0,0.6196827443384145,3.127478232020137,545,early
b73a72b8-9607-4085-9706-7f0f9b926843,33.514777158249146,36.996734025267166,0.0,1.8190785547414066,5.29043182124398,384,early
b9c7d764-2da0-4564-b4d7-914e99573ad0,15.321405355073743,54.71603561447194,0.0,0.5814571223113414,3.0109215852705544,676,early
ba324c50-e854-441f-b056-1cf50bc158d9,16.01231098154906,55.72486929397094,0.0,0.919203559888185,3.5613450744075843,428,early
bad1870e-b99a-4d8e-b4ab-bf544d71d0ec,12.896503285069736,64.30968240343734,0.0,1.151494127418453,5.286271236271643,277,early
bc0021f5-8e05-402d-9ce3-a9a63f51f658,25.062636770988654,75.41207590108935,0.0,1.0874703826312304,3.657399190826718,591,early
c1b520fe-6dfe-4175-8e0e-12f182397fe6,5.119578685485759,53.63941802217133,0.0,0.4000863887567309,3.030160261906404,321,early
c75ee419-2f3e-4f9a-b92b-d412c0272e70,17.965707628956295,51.78712969238801,0.0,1.1048877452025454,4.122053826883827,399,early
ca453e48-2aa7-4fdb-9e93-8837f7729333,12.270757832435585,63.89362384164857,0.0,0.7694564424680006,3.5159181930093286,399,early
d54c2d38-a344-4acc-a58f-98900e4f3d25,9.106091543633905,45.60780679245337,0.0,1.7046529996741158,6.039507905113117,127,early
da1fc0bd-2274-48c6-935d-bd4303dfc0a7,10.715350612144967,57.8317094307993,0.0,0.9060186945361155,3.856525084367818,311,early
dab3e35d-a740-4109-9515-556e82ceb612,6.422083014630616,43.602556837102966,0.0,4.7140137309762,11.7985853762667,29,early
ded60c6e-ad75-4508-afdf-8caa0efe3410,8.514632283851734,34.669146060902214,0.0,1.9595527445881376,5.729698127877055,109,early
e0706a41-3231-4374-a546-2d56f686f34c,14.276591787117338,41.210225634171415,0.0,1.488934488972872,3.7322924510474684,237,early
e2de2353-af57-4348-aa6b-a0e7cfb609d1,12.196505435042043,56.88109246684022,0.0,0.7273759347039823,3.2455217988383693,423,early
e3a761b1-e739-49a7-bd95-cf33e2a3813c,18.37240911159943,50.148189207821595,0.0,3.360953434766075,6.625599232804498,136,early
e4410d18-7cd2-4198-9c4a-67901559288f,12.109291214943873,75.82965450646974,0.0,1.2489917204886873,6.56059313035032,233,early
e4bdced0-2d54-4933-84d0-f3f80c285a06,5.362276698337914,64.6444766036288,0.0,0.8943384051873993,5.678795447584227,170,early
e61b4eb5-dbda-48c1-b18a-899e7395c612,13.772717528356681,44.33843812515486,0.0,0.7517140778691702,3.373294057402033,460,early
e8d06654-451d-4d8f-b3f7-dd47d9317828,17.45918736259512,48.37950341734492,0.0,1.5754555053768393,5.045669670543796,275,early
ea3dc494-f4e6-48c2-813c-6de68d7a45e8,25.954171395623938,63.62000115956333,0.0,1.6078927381892612,5.248619837222263,406,early
eb870660-81e6-42e1-be24-2ca77d82d4ce,4.368956139357697,59.110943321614265,0.0,0.5328645659341877,4.086079740076663,216,early
ec43a56a-d5a9-42a4-98fa-46840df7e093,7.091648338467587,45.75724548957759,0.0,1.020396880378814,4.220231199567792,145,early
ed69ac01-e271-4d3c-bf27-f6d78d635fe4,0.0,0.0,0.0,0.0,0.0,264,early
ed793ccf-cf9c-4b54-9951-a243e876cc49,7.764325389199815,91.88214999206565,0.0,0.24077885559643591,3.2965574579991856,864,early
ef7225ed-ba06-41be-aefa-296cc50370f6,14.09458360155489,42.94639576938153,0.0,2.2079789919396973,5.657983751723526,158,early
f5a43f10-de46-4cf5-bce3-9df18286d3d4,9.809465194627915,46.9838995143214,0.0,0.5921734565971745,3.0928857076930854,359,early
f5b5e557-ecf7-4d49-a4b3-1c2cde77ea6f,3.730570237969226,43.06979709266058,0.0,0.13697980296823964,1.7193042825316034,682,early
f709f384-1ebc-4302-978c-d19289570ee9,5.676462034008701,55.42207501234943,0.0,0.33026575679235537,3.0851385316411895,422,early
f8350255-0cb7-49ec-a1ed-f6d608da537a,18.740202709491204,59.363813241435025,0.0,0.748924722932572,3.503436069887842,527,early
f848edac-87b3-458d-8ccc-7759502a11c9,18.91794891093489,65.47661654232114,0.0,1.8806677873200306,5.467190455888547,264,early
f97814c0-fdd1-4911-ae4f-aa1459d6fa5b,20.729956679966982,51.74894000188759,0.0,1.501647752459365,6.590639754034127,339,early
fc278ad6-5094-4033-8af8-1a9f63a49278,6.104797700996305,67.23593336152362,0.0,1.0367243216038937,5.555805800078273,163,early
fe672941-07cb-4dcc-9668-f50d2d067848,6.637008141054376,116.08884385717145,0.0,0.42433885188673254,5.294248177342686,542,early
01caf55c-3693-4aa3-bac2-862230173a5e,45.05519164640651,39.339744541152214,0.0,0.6829955103878214,3.1781173666237854,1630,mid
01f97700-9c92-4464-9bf8-21132acaa881,13.560498437015848,25.62041399743044,0.0,0.6224297384958467,2.329108048193451,473,mid
05bcca80-e838-4ef3-8ba8-39e870310e8f,9.836447899624417,25.337341909454775,0.0,0.5768953507094289,2.8695283204009954,427,mid
09836b97-00f6-47f3-b9aa-c34ad5867121,16.57461444954608,40.83470528569153,0.0,1.029310707118328,3.791859822294983,346,mid
0c8e7770-1c3e-40d4-af3e-561d63ec9aa3,8.975963485481897,64.2466379136334,0.0,0.8302869031464994,4.790205723256119,265,mid
10bcc14f-7fd9-4646-80bc-7eff4d2e1097,1.8376806838973478,12.943445244250883,0.0,0.3558435646150115,1.6521659660099701,129,mid
10e43c6b-430c-47be-8c7e-acfe0fe439b5,10.750633677972312,42.455944712462596,0.0,1.0559495954399516,3.4945171003406093,221,mid
125fe34e-d1f0-498a-8fd0-5d0cf21e030d,12.49392169330935,53.70033227122828,0.0,0.5701024642082108,3.981579687432685,558,mid
15b9dd42-a1f4-43d2-a040-9bfa65d63082,11.939124088779467,25.982713693051583,0.0,0.33554229277849057,1.4166349488235173,872,mid
1826a545-f6f3-47b9-a091-81477ba89250,18.267432278763412,76.85525828219942,0.0,1.155787190594682,4.978815812841339,422,mid
21e9b22a-8b1c-4ce7-ab1e-b805e86aaf46,11.13694409605931,17.568271662779225,0.0,0.6714140241574673,2.446233839548593,414,mid
23242b4f-c591-42a9-98cd-e26b42ba18ad,10.260996330041364,18.016819688445054,0.0,1.0201030765330097,2.534773903275469,168,mid
241ca21f-0214-47fa-933c-b2c656f1819d,42.51545274341166,18.931166648238868,0.0,0.7548170099829483,2.050863075822561,1202,mid
2a36f61f-3be1-4127-b878-3cc2adc0be75,8.336289866390334,7.245346611741088,0.0,0.603217963150575,1.0742727219998025,346,mid
2a788a65-9288-433d-8ecb-788fe69b57cd,33.4279215719473,47.212035123758604,0.0,1.6971462424013393,6.115096450240528,493,mid
2b5fd31a-dc2d-4c05-95ff-75759c2649bf,7.52787769710963,23.345263856673487,0.0,1.005309172124666,3.288274064606405,187,mid
2c25fe81-e77f-42e9-a479-03b5afe3458f,0.8101164486067174,2.0921839978094257,0.0,0.08412838383113216,0.32806146858300994,241,mid
2dc94996-ea7a-44cc-be3b-0bbd7ec42803,15.675368681282912,40.613277367369086,0.0,0.8201182959671712,4.445067988282308,503,mid
2f307df5-73a6-4ad9-95a1-c6498d36592c,0.0,0.0,0.0,0.0,0.0,142,mid
302cd5a0-6497-4343-9fd1-2ec4452aa871,14.848962750349237,24.919958656620643,0.0,0.8250760609881721,3.0272016974269875,461,mid
323f6fc6-61e4-4046-aef4-847a1bec0563,15.665612690961401,29.897322340949135,0.0,0.7467052427040344,3.1151808562857397,504,mid
34b28b92-79f6-485d-8575-d6a9fa2384d0,0.0,0.0,0.0,0.0,0.0,337,mid
35e66184-3e42-45f7-bf6a-5d675bcac6da,12.674049170425016,14.392453596125595,0.0,0.6491474267502829,1.6696492984644036,489,mid
3d04f793-44fb-481f-99d5-1eb2fb1147e4,12.2056279067837,21.817166306294386,0.0,0.1443042695236041,1.1173025217500439,2067,mid
3e13c82d-da28-4d66-ba9a-2d0a95d8b438,8.407126267548827,90.3329803135178,0.0,0.3845827657311421,5.366614071244141,396,mid
3f225600-a051-470e-933a-a9a60cdc22da,12.3518990515326,37.94798800676987,0.0,0.42195783466624703,2.708908658840513,696,mid
40dd8dc8-0dfe-4644-a0e4-28121e4e7b42,51.76167549701074,57.646911302194496,0.0,0.707672362527131,4.080114833244496,1818,mid
41d30187-dfd3-43cd-8504-1e8c11db983d,3.6485864353887667,9.4973332126434,0.0,0.36793765070005835,1.500797899969141,239,mid
43cddaa8-35f1-4dc3-bcdf-fd80d1b7c5a8,33.59206068953608,21.70228091250538,0.0,1.1187865115953555,2.7394089701709388,597,mid
44c59528-60b4-4714-bbce-2bf537e97e56,8.319441133184812,30.993322374527914,0.0,0.4600879217156714,2.861708175739981,375,mid
458e3744-4439-4fdc-826c-5dc2212959b0,3.2991480459320446,53.7584250253113,0.0,0.5817157352741695,4.53522955238645,144,mid
4828aa3f-bcbc-4b53-8555-b01fceb42341,6.580637939960808,30.755804620641392,0.0,2.4223160080286443,5.1676873697932155,68,mid
48c12875-5184-434e-9495-d52cad451850,10.122689968769386,22.090346293981785,0.0,0.6717891066033364,1.9600231684583977,377,mid
4a16ecf4-0324-4baf-a38f-1ea98ce73fc3,0.0,0.0,0.0,0.0,0.0,111,mid
4aa8ea4c-b876-4599-a707-1bad68e2ac47,13.307508205976173,46.463150065824664,0.0,0.49102483519005946,3.1465042268801513,695,mid
4b7264c1-03ae-4401-ae7b-3d5418e244fa,4.738688512044826,20.084764562817348,0.0,0.29761602469684,1.687676865808319,388,mid
4b735901-9e3e-43de-8dd8-54e74dcf0910,5.045522319900155,67.09033146653566,0.0,0.38765313340867186,4.909197574104574,349,mid
4b8b5d28-8ca9-4b2d-be09-796cd60ff22f,0.03949873460359164,0.6246303832854343,0.0,0.03737894636567905,0.12907814540676665,26,mid
50af3813-4730-4b8e-b200-16ba76811d68,0.0,0.0,0.0,0.0,0.0,136,mid
50cb55ec-c55f-4275-b3f8-a119e6ae6ef1,34.835806274649315,63.98311548926896,0.0,0.8529683202973243,3.9523825798033148,1004,mid
51381787-c3a4-4a69-a44d-0750124ee2ad,128.2242798348336,64.4138187296673,0.0,1.2420770109553865,4.770091608130812,2604,mid
51c72b18-d63d-4293-a20a-58955ea921f9,0.0,0.0,0.0,0.0,0.0,158,mid
51eeb71d-7fb3-47dc-ae2a-00e20701fa68,8.149154220319856,138.81677140012914,0.0,0.2254936358783876,4.88555231664445,882,mid
5dea9317-cab2-4546-bc93-eb063052932c,2.471843858178465,63.38061174816577,0.0,0.12403250831343594,2.8037931902273083,511,mid
5e38168c-c307-4cd5-a939-b94dca4a69e1,2.2780000312446225,12.662172002497087,0.0,0.0895316199711083,0.7281814191962827,630,mid
65b68a45-2b10-49f3-8a4a-8315ef68f969,0.0,0.0,0.0,0.0,0.0,284,mid
676840dc-d964-41e5-ad5b-dba3ca8f0208,0.0,0.0,0.0,0.0,0.0,155,mid
68ec06a0-df0b-4061-bbee-6731a0867c41,10.911014807192538,20.003466356604935,0.0,0.6979686440091888,2.285530483961998,398,mid
6b42fb53-9d79-42ea-b1a9-1432d91cc505,31.6729840825106,71.21503047564818,0.0,1.2033251378192,5.473895932004296,616,mid
6c31c25e-c5dd-41fb-b6c9-87bea11b8a8f,18.195046876440347,25.73028484314565,0.0,1.1652482573056309,3.2272356148501773,397,mid
6fde05fb-ad92-4919-a93f-50f610305a99,3.2961949366436407,24.654935353159406,0.0,0.31160604588760576,2.1646610874910497,176,mid
702af4cc-906d-40b9-aa8d-8e99be992bde,10.455014092440093,96.16225194072292,0.0,0.6328328895430095,5.046089799239145,409,mid
708db045-62f6-4722-b354-0cd16fac4d4a,14.386699204328965,28.840704984103827,0.0,1.3152044148220159,3.9734327293952054,274,mid
72068e71-91db-442d-8bcd-be58091a7210,1.0473440898113815,8.478218176153502,0.0,0.14013987627976182,0.8572100208281361,182,mid
733a2e49-2496-4e7a-8429-aa233d6038e0,11.620664900075786,41.061481198659074,0.0,0.9927382939208413,4.864035264560031,195,mid
76df77f4-c446-4c7b-a4ea-93a0a4804064,6.398789862975049,14.026870551511966,0.0,0.6028549236671459,1.9890912383897943,265,mid
7d4a763e-d896-4860-93a1-bad23bde6d35,19.664415841524864,23.047487645020862,0.0,0.9052388910570921,3.1118999125624587,541,mid
7e12c6e6-3302-459e-8b4e-6dc42fbc6bea,2.80295028391288,9.380050055053005,0.0,0.46606158386727164,1.1221015804824273,152,mid
8020701b-3b7b-4bda-86cf-933fe5466e5a,21.57355700395501,35.64414032502926,0.0,2.3958196614965694,5.266331580643746,222,mid
81fe54b8-48d6-4929-970f-a999e75bb7f1,3.295912237705915,41.6474445523094,0.0,0.3363175752761137,3.0499192866644362,245,mid
82b8fe9e-d03d-4a52-9b6c-867b927e02e1,34.15739124799116,29.422227263506468,0.0,1.1119350017766454,3.4776563687098894,770,mid
8aef2386-7368-499e-a2c5-f4b5da726020,14.705635566290171,32.34864226256306,0.0,1.8146835890611002,5.02583648798777,200,mid
8e0c9b01-b81c-43c8-bb2f-35742dc5b516,13.830441820186602,15.663131623650736,0.0,0.4922796138716171,1.8048573720595724,692,mid
97f16cb2-4702-4c1b-9ff8-ec0646a97f40,8.093112739864601,24.308485052102583,0.0,0.48430159796723893,2.042980113980505,419,mid
98102009-4760-4c36-822a-0e48ece5d5fb,8.7814973116565,14.233590329255325,0.0,0.49690008479686,1.3905055862028848,433,mid
9aeb0915-3140-4f9c-bc4b-6c5e899eb9da,22.338777745036623,34.94338800653451,0.0,0.7538606208865887,3.1014720361743495,750,mid
9daba0c2-5e80-465c-bbbd-f824d9c24657,10.898589731042117,15.069705600373467,0.0,0.8711782904593104,2.1499137390482956,316,mid
a283fcdf-6ba2-4329-8b8a-9bf558c8231a,17.066492348104802,24.70797635202478,0.0,1.3094232935939534,3.2292344182604205,330,mid
a39dd60a-d5b3-4715-b83c-30600cad5cf3,4.685113806071937,6.234355925317323,0.0,0.32588820056428053,1.0592749215343433,294,mid
a3b479f6-0430-44be-a23b-b1e580e826e0,4.082495355850228,24.719946337853894,0.0,1.4204713655116845,4.148902736446614,71,mid
a586e2c1-54e8-45ba-963f-6cd8077f1e79,7.995976729149111,22.040827343333557,0.0,0.631880429559355,2.3824902414383797,311,mid
a784408d-72a4-47b5-9e2f-6dac761f9ffd,4.326985739222147,12.485256364484707,0.0,0.31997947308100644,1.2836355635986074,340,mid
a8557488-eb49-4d5f-ae1c-b72363c44416,0.0,0.0,0.0,0.0,0.0,5764,mid
a941ce89-6cf0-4690-830f-cd35b97730fc,2.2412395844506317,20.324671784940126,0.0,0.14581199588748636,1.4850463392681774,233,mid
aa394ce7-db73-4ab9-9735-eece7d619911,1.912244061612235,11.54886946480258,0.0,0.13081121528586814,0.8005674039533929,357,mid
ab15ea54-ae59-4532-b89c-ff821a0116c0,0.035449726724894326,0.32047858134814683,0.0,0.007270247482546006,0.03967441874786563,106,mid
aee0f8a7-c99c-42ae-94c4-d8ec1569987d,12.424573805990978,30.317414858847783,0.0,0.5722405551755396,2.6435078413579802,544,mid
b73a72b8-9607-4085-9706-7f0f9b926843,34.33989349621498,48.72765415743384,0.0,1.884358404602552,5.481132008960071,380,mid
b9c7d764-2da0-4564-b4d7-914e99573ad0,12.69194208991921,26.179185839168607,0.0,0.4976691023072547,2.3906982445435285,676,mid
ba324c50-e854-441f-b056-1cf50bc158d9,9.046870981329707,19.859440422145706,0.0,0.52263640417784,2.2830452155901346,427,mid
bad1870e-b99a-4d8e-b4ab-bf544d71d0ec,16.56777681025313,28.797801705178216,0.0,1.5419423124475051,3.7287365937611314,278,mid
bc0021f5-8e05-402d-9ce3-a9a63f51f658,35.760657562305084,37.33790850582426,0.0,1.543377077093064,4.224679791613238,590,mid
c1b520fe-6dfe-4175-8e0e-12f182397fe6,10.638634098255146,18.979906706198832,0.0,0.8282795069659861,2.400196335268302,321,mid
c75ee419-2f3e-4f9a-b92b-d412c0272e70,1.112861617303372,2.9754315220857515,0.0,0.06888133697402052,0.2935149935284085,399,mid
ca453e48-2aa7-4fdb-9e93-8837f7729333,2.9172051149734384,7.916171805316242,0.0,0.18390068020926137,0.901744798749835,398,mid
d54c2d38-a344-4acc-a58f-98900e4f3d25,8.133533594757832,24.021144125706734,0.0,1.6315902419559174,4.209926748902955,128,mid
da1fc0bd-2274-48c6-935d-bd4303dfc0a7,12.450515152194077,36.022421786744566,0.0,0.9976019444035786,4.299713081581937,310,mid
dab3e35d-a740-4109-9515-556e82ceb612,0.04516787658802235,0.6533575317604434,0.0,0.0364644496637135,0.13941810999716783,28,mid
ded60c6e-ad75-4508-afdf-8caa0efe3410,8.302648746938228,103.33206610637497,0.0,0.5495633033760745,5.325127983023813,429,mid
e0706a41-3231-4374-a546-2d56f686f34c,15.203496568693659,44.3989989744818,0.0,1.5888477500754397,5.442234875436405,237,mid
e2de2353-af57-4348-aa6b-a0e7cfb609d1,7.78258853390416,20.75904766792802,0.0,0.45051409625883254,2.2161212730997844,422,mid
e3a761b1-e739-49a7-bd95-cf33e2a3813c,0.3469859043585999,1.7977777291915198,0.0,0.06442537104217697,0.23396372280065428,134,mid
e4410d18-7cd2-4198-9c4a-67901559288f,9.612233198973524,40.48996305354319,0.0,1.0273217264707577,3.9117207207922626,234,mid
e4bdced0-2d54-4933-84d0-f3f80c285a06,5.325591744637862,19.390340423700202,0.0,0.7981794617889583,2.9084655103403225,169,mid
e61b4eb5-dbda-48c1-b18a-899e7395c612,5.017338055313991,11.096309714401915,0.0,0.27335200757301226,1.083391625574975,459,mid
e8d06654-451d-4d8f-b3f7-dd47d9317828,29.700921113022915,23.270442841535253,0.0,2.7059669513819276,5.216248511891516,273,mid
ea3dc494-f4e6-48c2-813c-6de68d7a45e8,6.335701665912607,25.5968496185085,0.0,0.3748064384109115,1.6983580330854255,406,mid
eb870660-81e6-42e1-be24-2ca77d82d4ce,0.007784602217686788,0.1946150554421697,0.0,0.0009009956270470819,0.013241877280465955,216,mid
ec43a56a-d5a9-42a4-98fa-46840df7e093,7.808505817991077,21.55921154634177,0.0,1.131995627632665,3.578911841145004,144,mid
ed69ac01-e271-4d3c-bf27-f6d78d635fe4,5.828092792267007,145.70231980667518,0.0,0.5519027265404363,8.967357892075606,264,mid
ed793ccf-cf9c-4b54-9951-a243e876cc49,0.0,0.0,0.0,0.0,0.0,864,mid
ef7225ed-ba06-41be-aefa-296cc50370f6,0.0,0.0,0.0,0.0,0.0,158,mid
f5a43f10-de46-4cf5-bce3-9df18286d3d4,40.14044542255763,23.7925315593229,0.0,2.42779755421714,4.417175516105263,358,mid
f5b5e557-ecf7-4d49-a4b3-1c2cde77ea6f,9.255620169630003,16.447389837376218,0.0,0.3388946155541126,1.4376451773954335,681,mid
f709f384-1ebc-4302-978c-d19289570ee9,13.442072396745251,35.02333278892178,0.0,0.787125358265483,3.2833360087135173,422,mid
f8350255-0cb7-49ec-a1ed-f6d608da537a,50.36293705613879,45.84953940511869,0.0,2.0148427140964658,5.755896879842156,525,mid
f848edac-87b3-458d-8ccc-7759502a11c9,2.5485980934067567,24.068663667360656,0.0,0.248632979647134,1.7680001248591397,262,mid
f97814c0-fdd1-4911-ae4f-aa1459d6fa5b,18.627343605728782,28.41941090310701,0.0,1.3507191985659757,4.010989146290624,340,mid
fc278ad6-5094-4033-8af8-1a9f63a49278,6.316990327435291,10.5778456324127,0.0,0.9961238262566543,2.2105208247495987,163,mid
fe672941-07cb-4dcc-9668-f50d2d067848,14.446406658941392,35.14201745438857,0.0,0.6663729104255893,3.0241678367164098,542,mid
01caf55c-3693-4aa3-bac2-862230173a5e,39.3800363311063,51.886206793811766,0.0,0.6048093673053097,3.190723669751748,1627,late
01f97700-9c92-4464-9bf8-21132acaa881,25.153332755898326,36.134194706655556,0.0,1.142614942211063,3.600248713565059,459,late
05bcca80-e838-4ef3-8ba8-39e870310e8f,10.54333667651587,41.91830572112132,0.0,0.6206144398010629,2.9534646544681116,425,late
09836b97-00f6-47f3-b9aa-c34ad5867121,29.10403054068601,61.207524508999605,0.0,1.819736825260677,6.378204906943691,341,late
0c8e7770-1c3e-40d4-af3e-561d63ec9aa3,13.70513338385644,39.37400503508405,0.0,1.3215142492321013,4.939585046402187,256,late
10bcc14f-7fd9-4646-80bc-7eff4d2e1097,8.645697936848842,15.70309411256386,0.0,1.796432309161776,3.450322325454977,121,late
10e43c6b-430c-47be-8c7e-acfe0fe439b5,8.657575879419628,16.0282831826518,0.0,0.7902702241964674,2.1141982114283078,213,late
125fe34e-d1f0-498a-8fd0-5d0cf21e030d,39.46637712097834,43.045305378077785,0.0,1.8095567233973555,5.399840580146301,553,late
15b9dd42-a1f4-43d2-a040-9bfa65d63082,23.328451360915516,28.872602493073472,0.0,0.6680365678631837,2.818754814067167,856,late
1826a545-f6f3-47b9-a091-81477ba89250,11.084258651790137,37.594813481723484,0.0,0.6707485665638722,2.738640405827687,418,late
21e9b22a-8b1c-4ce7-ab1e-b805e86aaf46,11.660359240315339,40.59749049306079,0.0,0.703966378725422,3.7610355328143514,413,late
23242b4f-c591-42a9-98cd-e26b42ba18ad,32.62422885677142,43.05336623786653,0.0,3.3668087016646187,7.405547757943777,162,late
241ca21f-0214-47fa-933c-b2c656f1819d,33.64828892500405,24.025217382708256,0.0,0.5976328713868625,2.2447125723799397,1198,late
2a36f61f-3be1-4127-b878-3cc2adc0be75,10.64725915334602,27.47020801560317,0.0,0.7708955702433543,2.2915664042774915,345,late
2a788a65-9288-433d-8ecb-788fe69b57cd,28.792335256588636,63.568925687035026,0.0,1.4734053301115533,6.202020213579899,490,late
2b5fd31a-dc2d-4c05-95ff-75759c2649bf,14.209789572446706,58.45113171166795,0.0,1.9651769890819792,6.792481873262262,180,late
2c25fe81-e77f-42e9-a479-03b5afe3458f,8.028525097941662,26.085106875434594,0.0,0.7023286790853402,2.7429684592485364,230,late
2dc94996-ea7a-44cc-be3b-0bbd7ec42803,19.695393925069087,43.96616496707066,0.0,0.9652323735086024,4.71630878800746,498,late
2f307df5-73a6-4ad9-95a1-c6498d36592c,9.182390883488628,72.39191861785763,0.0,1.1389126510378489,8.657122242232003,129,late
302cd5a0-6497-4343-9fd1-2ec4452aa871,20.206434918546744,37.35666180975998,0.0,1.1044195316040406,4.218188622912746,456,late
323f6fc6-61e4-4046-aef4-847a1bec0563,17.727880606778022,37.50628504993722,0.0,0.8680931375504244,3.562936323670588,478,late
34b28b92-79f6-485d-8575-d6a9fa2384d0,8.623354571834165,140.40866688290393,0.0,0.6438262737817417,8.683069293301017,332,late
35e66184-3e42-45f7-bf6a-5d675bcac6da,21.506285258567814,40.56313308703165,0.0,1.1123399033976724,3.691834510149734,485,late
3d04f793-44fb-481f-99d5-1eb2fb1147e4,3.9660472445771653,9.384615384615385,0.0,0.048216658744769346,0.47979486057830584,2057,late
3e13c82d-da28-4d66-ba9a-2d0a95d8b438,7.024220774758216,94.77255845421648,0.0,0.4576472296138275,5.354500954931757,391,late
3f225600-a051-470e-933a-a9a60cdc22da,24.092045655455546,42.997939118540586,0.0,0.8388916992449342,3.5388876307822743,697,late
40dd8dc8-0dfe-4644-a0e4-28121e4e7b42,27.002941952105573,37.18796407726485,0.0,0.3750353596791249,2.4593041959755317,1815,late
41d30187-dfd3-43cd-8504-1e8c11db983d,10.997544478580034,24.974807200012474,0.0,1.160872542188831,3.746135443288386,233,late
43cddaa8-35f1-4dc3-bcdf-fd80d1b7c5a8,27.82179793961027,30.245829206383366,0.0,0.8457309125258098,2.6355137836859845,564,late
44c59528-60b4-4714-bbce-2bf537e97e56,25.675568210982206,43.48253924096222,0.0,1.4308770976662657,4.743681680249124,375,late
458e3744-4439-4fdc-826c-5dc2212959b0,14.488708485622908,52.609303960795735,0.0,2.8001272366064454,7.3867203464923135,130,late
4828aa3f-bcbc-4b53-8555-b01fceb42341,0.41686620617645176,2.9306189360415993,0.0,0.07346160966657665,0.3928698916950969,61,late
48c12875-5184-434e-9495-d52cad451850,12.007197419218429,28.858136485262175,0.0,0.7463657108832055,2.1148870877830857,374,late
4a16ecf4-0324-4baf-a38f-1ea98ce73fc3,6.391757395062584,102.95952150849959,0.0,1.5872409689668043,11.428683357436318,99,late
4aa8ea4c-b876-4599-a707-1bad68e2ac47,28.88472725538318,71.20295561086702,0.0,1.0702460010564325,5.466377376311084,694,late
4b7264c1-03ae-4401-ae7b-3d5418e244fa,21.48712338546291,29.289375624528134,0.0,1.3765800213402772,4.572168858348502,383,late
4b735901-9e3e-43de-8dd8-54e74dcf0910,26.98962447036955,130.02180615587898,0.0,1.8637479200267288,8.808196302112457,350,late
4b8b5d28-8ca9-4b2d-be09-796cd60ff22f,3.1197721313348854,11.895020234471158,0.0,2.694207999828847,3.603760038765763,20,late
50af3813-4730-4b8e-b200-16ba76811d68,16.434624733928395,53.84667076062885,0.0,3.1955525418297226,8.324594358891412,129,late
50cb55ec-c55f-4275-b3f8-a119e6ae6ef1,31.445327456600666,64.22561792147317,0.0,0.666613417085197,3.179856159073207,1159,late
51381787-c3a4-4a69-a44d-0750124ee2ad,78.01129406245036,105.27172966513672,0.0,0.7680382656410982,4.053354237551003,2599,late
51c72b18-d63d-4293-a20a-58955ea921f9,6.3073165803515785,22.82996432818075,0.0,0.9982882926691947,3.4310565256897263,154,late
51eeb71d-7fb3-47dc-ae2a-00e20701fa68,7.311738997806765,96.78398284325638,0.0,0.207443655081932,3.5987360534418573,878,late
5dea9317-cab2-4546-bc93-eb063052932c,15.884558433204523,124.21691792359648,0.0,0.7649185012486495,7.9354420124552965,502,late
5e38168c-c307-4cd5-a939-b94dca4a69e1,36.04380528966474,55.70023148148149,0.0,1.4386756567541856,4.214343906964005,622,late
65b68a45-2b10-49f3-8a4a-8315ef68f969,9.981199649080208,36.76432402735542,0.0,0.8950098270529284,3.8515232824149552,278,late
676840dc-d964-41e5-ad5b-dba3ca8f0208,8.259248333442821,118.14415195111366,0.0,1.2175642849799135,10.238286113199779,144,late
68ec06a0-df0b-4061-bbee-6731a0867c41,26.140200338792983,32.91940500522721,0.0,1.6429447460542508,4.184348484860922,399,late
6b42fb53-9d79-42ea-b1a9-1432d91cc505,31.940753156100197,39.57957482427457,0.0,1.261238090135984,4.111468841967968,614,late
6c31c25e-c5dd-41fb-b6c9-87bea11b8a8f,13.407177999273594,45.27761792327353,0.0,0.8693430750495756,3.5905041554852293,395,late
6fde05fb-ad92-4919-a93f-50f610305a99,8.623762822600668,27.70968046771568,0.0,0.8695640227217076,3.4514462472605443,166,late
702af4cc-906d-40b9-aa8d-8e99be992bde,9.574344482135396,22.663618552203456,0.0,0.5813107999394217,2.7153418533462026,407,late
708db045-62f6-4722-b354-0cd16fac4d4a,18.67547014492911,51.08028905672071,0.0,1.6704826133311457,5.7629930731240355,266,late
72068e71-91db-442d-8bcd-be58091a7210,7.160208797866279,18.219081930386025,0.0,0.9135342942560395,2.6231898628184114,172,late
733a2e49-2496-4e7a-8429-aa233d6038e0,15.181620906635372,31.548309363691573,0.0,1.3308557669150447,4.425939927531694,190,late
76df77f4-c446-4c7b-a4ea-93a0a4804064,12.935913094576916,19.883040935672526,0.0,1.248650431638955,3.1118239036504955,260,late
7d4a763e-d896-4860-93a1-bad23bde6d35,26.57415137604642,39.9501227008681,0.0,1.2082566931299417,4.545385013665739,537,late
7e12c6e6-3302-459e-8b4e-6dc42fbc6bea,4.5032662853540995,13.106296403864263,0.0,0.7552564432288826,1.9976095321898761,145,late
8020701b-3b7b-4bda-86cf-933fe5466e5a,11.809497453295698,22.295367371724574,0.0,1.6987780959179777,4.076302841918049,160,late
81fe54b8-48d6-4929-970f-a999e75bb7f1,3.9393925214487457,78.13250613143717,0.0,0.40447543701467625,5.203001160924244,229,late
82b8fe9e-d03d-4a52-9b6c-867b927e02e1,30.173255235371027,38.62315627136863,0.0,0.9834054889988902,3.3000444623272895,768,late
8aef2386-7368-499e-a2c5-f4b5da726020,10.143550080100585,32.090626853269995,0.0,1.1867283088488032,4.334890262641884,184,late
8e0c9b01-b81c-43c8-bb2f-35742dc5b516,22.419993806829318,44.29138306196122,0.0,0.7969078940388288,4.100511984771253,691,late
97f16cb2-4702-4c1b-9ff8-ec0646a97f40,6.815712067650972,51.1189161889518,0.0,0.4237225779038482,3.004226107654046,414,late
98102009-4760-4c36-822a-0e48ece5d5fb,16.967387616335156,22.944327975774506,0.0,0.978375982422034,2.8994718465916027,432,late
9aeb0915-3140-4f9c-bc4b-6c5e899eb9da,23.18895896406597,33.44025385706882,0.0,0.7728549314483394,3.1315629177973974,748,late
9daba0c2-5e80-465c-bbbd-f824d9c24657,16.525403649094997,40.71970576604816,0.0,1.3669809666676382,5.0220469267729575,304,late
a283fcdf-6ba2-4329-8b8a-9bf558c8231a,26.67200742548648,30.792261720847815,0.0,2.121171383041502,4.739286592186204,313,late
a39dd60a-d5b3-4715-b83c-30600cad5cf3,11.465706029929155,27.464392973486476,0.0,0.8047818635689021,2.9778440393778802,279,late
a3b479f6-0430-44be-a23b-b1e580e826e0,7.121507999301484,28.30668784549423,0.0,2.6058448807591637,5.508440242833301,67,late
a586e2c1-54e8-45ba-963f-6cd8077f1e79,14.890988938771342,79.52754855972107,0.0,1.2111661439725676,5.856080701224837,302,late
a784408d-72a4-47b5-9e2f-6dac761f9ffd,13.107672090426503,54.31710690111324,0.0,0.9760346985976012,5.047791014431884,339,late
a8557488-eb49-4d5f-ae1c-b72363c44416,16.8191099737493,29.830084584185744,0.0,0.08537373434810588,1.0371546063721808,4872,late
a941ce89-6cf0-4690-830f-cd35b97730fc,9.50528646975068,98.81776554676334,0.0,0.7551464326082449,7.241790397661975,212,late
aa394ce7-db73-4ab9-9735-eece7d619911,14.359058142757913,46.18337895590335,0.0,0.9923653648911955,4.143274653415628,356,late
ab15ea54-ae59-4532-b89c-ff821a0116c0,9.601213887335215,31.353388408059757,0.0,1.9907608982414038,5.411962886825169,104,late
aee0f8a7-c99c-42ae-94c4-d8ec1569987d,17.226953516094795,58.93789216492519,0.0,0.7991385300858184,4.705279824558724,538,late
b73a72b8-9607-4085-9706-7f0f9b926843,21.306654478076,40.37800220050416,0.0,1.1994209070561332,4.251393035191796,380,late
b9c7d764-2da0-4564-b4d7-914e99573ad0,25.495680716085623,35.88402499078401,0.0,0.9749050599671498,4.042946094991932,676,late
ba324c50-e854-441f-b056-1cf50bc158d9,39.86694345989159,56.92462159960605,0.0,2.3062694224106113,5.73644628283455,425,late
bad1870e-b99a-4d8e-b4ab-bf544d71d0ec,29.52103840150395,89.28084772358669,0.0,2.719981234439441,8.64694879647157,270,late
bc0021f5-8e05-402d-9ce3-a9a63f51f658,30.948924501885287,44.39577079957196,0.0,1.3144617399101233,4.800159483201176,588,late
c1b520fe-6dfe-4175-8e0e-12f182397fe6,12.888577349229399,39.96865203761756,0.0,1.0520219253006493,3.774625671011946,305,late
c75ee419-2f3e-4f9a-b92b-d412c0272e70,13.323758152139154,34.204683956832504,0.0,0.8375159623687324,3.792966378524575,393,late
ca453e48-2aa7-4fdb-9e93-8837f7729333,31.53484013911773,41.554902525334626,0.0,1.8403520018425743,4.2005255596235695,395,late
d54c2d38-a344-4acc-a58f-98900e4f3d25,13.371159756279994,41.555270300649745,0.0,2.3586319411735723,6.476056513296807,113,late
da1fc0bd-2274-48c6-935d-bd4303dfc0a7,12.851576378879981,29.399908509466016,0.0,1.0648244863922918,3.467392799805544,300,late
dab3e35d-a740-4109-9515-556e82ceb612,8.650907604780047,44.754587815739484,0.0,6.0897867744323895,11.450537124897089,23,late
ded60c6e-ad75-4508-afdf-8caa0efe3410,38.988275296358985,41.11639681907711,0.0,1.4629286466915088,4.978191339240042,669,late
e0706a41-3231-4374-a546-2d56f686f34c,19.895355820495446,29.86765712948234,0.0,1.898704452769717,4.902610178528278,229,late
e2de2353-af57-4348-aa6b-a0e7cfb609d1,16.789805072243443,25.048416878800932,0.0,0.9862168384907932,2.9789319829555825,420,late
e3a761b1-e739-49a7-bd95-cf33e2a3813c,8.47103037727058,22.557140752954325,0.0,1.569785274365084,4.052885645567961,133,late
e4410d18-7cd2-4198-9c4a-67901559288f,17.257766164588283,42.962161686365704,0.0,1.9536964039600726,6.2870229340257255,224,late
e4bdced0-2d54-4933-84d0-f3f80c285a06,12.948540318770997,32.29072521840606,0.0,1.9856888792184404,5.098754639243946,161,late
e61b4eb5-dbda-48c1-b18a-899e7395c612,11.003923790014252,22.578590839371287,0.0,0.6058289003386726,1.964542483151495,455,late
e8d06654-451d-4d8f-b3f7-dd47d9317828,46.076297034510716,25.087974859412913,0.0,4.383897703147303,5.988171564049405,253,late
ea3dc494-f4e6-48c2-813c-6de68d7a45e8,19.76698397747538,44.25178169955077,0.0,1.23456429644232,3.6930242839687226,405,late
eb870660-81e6-42e1-be24-2ca77d82d4ce,13.35047903118496,88.82628278817971,0.0,1.6422714070211724,6.776165380530978,201,late
ec43a56a-d5a9-42a4-98fa-46840df7e093,6.774515925106366,20.673146234434984,0.0,1.0006593655376643,2.7413096634035052,141,late
ed69ac01-e271-4d3c-bf27-f6d78d635fe4,2.8117574330744244,65.38970774591685,0.0,1.45310461657593,9.747722103247641,45,late
ed793ccf-cf9c-4b54-9951-a243e876cc49,5.027899650870957,31.30683065581011,0.0,0.14990979682302139,1.5309299438169102,858,late
ef7225ed-ba06-41be-aefa-296cc50370f6,6.194582669505306,27.32719127026964,0.0,1.017305689136674,3.608746794674849,151,late
f5a43f10-de46-4cf5-bce3-9df18286d3d4,36.403068424472046,30.908802537407677,0.0,2.2116599210360404,4.4222773810378015,357,late
f5b5e557-ecf7-4d49-a4b3-1c2cde77ea6f,40.399853022850365,151.48511526305094,0.0,1.5058373713000943,8.696836937529714,680,late
f709f384-1ebc-4302-978c-d19289570ee9,7.711100981550154,23.174652464232032,0.0,0.45437437146651355,2.2648984650022856,419,late
f8350255-0cb7-49ec-a1ed-f6d608da537a,29.742703433824154,42.72885419522072,0.0,1.2269631706683357,4.922328061882973,511,late
f848edac-87b3-458d-8ccc-7759502a11c9,15.004135691278325,42.512497147889775,0.0,1.313159674693969,4.62956241073373,255,late
f97814c0-fdd1-4911-ae4f-aa1459d6fa5b,21.910501411850625,62.66480992914581,0.0,1.5983032854488668,6.5339465051884655,338,late
fc278ad6-5094-4033-8af8-1a9f63a49278,7.830335905112341,21.563649661499987,0.0,1.2443105615412775,3.317342801317887,156,late
fe672941-07cb-4dcc-9668-f50d2d067848,35.27592488184408,63.20496759855011,0.0,1.6457276519207826,6.112359335606671,537,late
