participant_id,n_events,events_per_s,submovements,trial_duration_ms,trial_duration_s,submovements_per_s,mean_submovement_deviation
01caf55c-3693-4aa3-bac2-862230173a5e,4890,24.989140710836292,67,195685.0,195.685,0.3423869995145259,1.6389346854695033
01f97700-9c92-4464-9bf8-21132acaa881,1424,20.853163852563444,39,68287.0,68.287,0.5711189538272291,1.280279199964575
05bcca80-e838-4ef3-8ba8-39e870310e8f,1283,24.978097926603716,10,51365.0,51.365,0.19468509685583568,1.9922576980565754
09836b97-00f6-47f3-b9aa-c34ad5867121,1035,21.54006243496358,21,48050.0,48.05,0.43704474505723206,2.8524260604510263
0c8e7770-1c3e-40d4-af3e-561d63ec9aa3,789,24.72269223538259,23,31914.0,31.914,0.7206868458983517,1.6062258899671724
10bcc14f-7fd9-4646-80bc-7eff4d2e1097,383,24.53241096592365,13,15612.0,15.612,0.8326928004099411,1.551614442896055
10e43c6b-430c-47be-8c7e-acfe0fe439b5,657,20.904925544100802,18,31428.0,31.428,0.572737686139748,2.375915764871253
125fe34e-d1f0-498a-8fd0-5d0cf21e030d,1671,24.913525763358777,31,67072.0,67.072,0.4621898854961832,1.6547487937486025
15b9dd42-a1f4-43d2-a040-9bfa65d63082,2603,24.321420228918477,31,107025.0,107.025,0.28965195047886005,1.9620829783134701
1826a545-f6f3-47b9-a091-81477ba89250,1264,24.96395631307645,17,50633.0,50.633,0.33574941243852824,3.154485541492834
21e9b22a-8b1c-4ce7-ab1e-b805e86aaf46,1244,24.976910412400112,22,49806.0,49.806,0.4417138497369795,1.4728180478845156
23242b4f-c591-42a9-98cd-e26b42ba18ad,504,16.544117647058826,28,30464.0,30.464,0.9191176470588236,4.131908096392576
241ca21f-0214-47fa-933c-b2c656f1819d,3602,21.45107404253292,77,167917.0,167.917,0.4585598837520918,1.7166256174464887
2a36f61f-3be1-4127-b878-3cc2adc0be75,1040,25.003005168890493,22,41595.0,41.595,0.5289097247265296,1.2935800963663897
2a788a65-9288-433d-8ecb-788fe69b57cd,1479,24.951076320939332,30,59276.0,59.276,0.5061070247655037,2.0536117039377837
2b5fd31a-dc2d-4c05-95ff-75759c2649bf,557,24.694094697641425,12,22556.0,22.556,0.5320092214931725,1.2219216318540986
2c25fe81-e77f-42e9-a479-03b5afe3458f,716,24.65225175595648,15,29044.0,29.044,0.5164577881834458,1.891881401484872
2dc94996-ea7a-44cc-be3b-0bbd7ec42803,1507,24.919800244733274,20,60474.0,60.474,0.33072064027515957,1.3994734796387887
2f307df5-73a6-4ad9-95a1-c6498d36592c,418,16.268389507277963,4,25694.0,25.694,0.15567836849069822,1.0
302cd5a0-6497-4343-9fd1-2ec4452aa871,1381,24.918352249147436,36,55421.0,55.421,0.6495732664513452,1.520476729654842
323f6fc6-61e4-4046-aef4-847a1bec0563,1489,24.587998282638132,17,60558.0,60.558,0.28072261303213447,1.3712142844823298
34b28b92-79f6-485d-8575-d6a9fa2384d0,1007,24.294330518697222,2,41450.0,41.45,0.04825090470446321,1.0
35e66184-3e42-45f7-bf6a-5d675bcac6da,1466,24.946822087977537,30,58765.0,58.765,0.5105079554156385,2.1041348136083244
3d04f793-44fb-481f-99d5-1eb2fb1147e4,6191,24.95254140283986,34,248111.0,248.111,0.13703543978300037,2.3065856206419735
3e13c82d-da28-4d66-ba9a-2d0a95d8b438,1186,24.916489842223577,8,47599.0,47.599,0.1680707577890292,1.0
3f225600-a051-470e-933a-a9a60cdc22da,2094,25.000895447544682,40,83757.0,83.757,0.47757202383084396,1.8149462182370495
40dd8dc8-0dfe-4644-a0e4-28121e4e7b42,5454,24.991408344216097,60,218235.0,218.235,0.27493298508488556,1.901440511646742
41d30187-dfd3-43cd-8504-1e8c11db983d,716,24.253920937637613,10,29521.0,29.521,0.33874191253683816,2.6608051987019206
43cddaa8-35f1-4dc3-bcdf-fd80d1b7c5a8,1761,19.565797075685524,34,90004.0,90.004,0.37776098840051553,1.6697157627454542
44c59528-60b4-4714-bbce-2bf537e97e56,1129,20.896572147775228,23,54028.0,54.028,0.42570518990153255,1.8261985533553131
458e3744-4439-4fdc-826c-5dc2212959b0,422,24.226419427062403,7,17419.0,17.419,0.4018600378896607,1.2114389505599157
4828aa3f-bcbc-4b53-8555-b01fceb42341,200,24.224806201550386,8,8256.0,8.256,0.9689922480620154,1.2357353774294868
4862616b-3d87-4d26-9119-a1727a42e5d0,674,21.481387047424782,43,31376.0,31.376,1.3704742478327383,1.79825966587842
48c12875-5184-434e-9495-d52cad451850,1132,24.950407758430682,18,45370.0,45.37,0.3967379325545515,3.15018982711494
4a16ecf4-0324-4baf-a38f-1ea98ce73fc3,323,23.820058997050147,3,13560.0,13.56,0.22123893805309733,1.0484757602189716
4aa8ea4c-b876-4599-a707-1bad68e2ac47,2088,24.996707809076867,26,83531.0,83.531,0.3112616872777771,1.7475071306350336
4b7264c1-03ae-4401-ae7b-3d5418e244fa,1159,24.467995271069075,17,47368.0,47.368,0.3588920790407026,1.3521250477061446
4b735901-9e3e-43de-8dd8-54e74dcf0910,1052,25.018430878261075,14,42049.0,42.049,0.332944897619444,1.486855960988798
4b8b5d28-8ca9-4b2d-be09-796cd60ff22f,76,22.61231776257066,2,3361.0,3.361,0.5950609937518595,1.1449285213540081
50af3813-4730-4b8e-b200-16ba76811d68,404,24.516050731233694,7,16479.0,16.479,0.42478305722434617,1.2148040694929378
50cb55ec-c55f-4275-b3f8-a119e6ae6ef1,3277,23.06154907176737,37,142098.0,142.098,0.2603836788695126,1.8886484909369419
51381787-c3a4-4a69-a44d-0750124ee2ad,7809,24.98080614203455,127,312600.0,312.6,0.4062699936020473,2.42203809770728
51c72b18-d63d-4293-a20a-58955ea921f9,475,24.197656647987774,4,19630.0,19.63,0.20376974019358127,2.286010080904609
51eeb71d-7fb3-47dc-ae2a-00e20701fa68,2643,24.426084063435734,12,108204.0,108.204,0.11090163025396474,6.1038388662118255
5dea9317-cab2-4546-bc93-eb063052932c,1528,24.85927179253571,9,61466.0,61.466,0.14642241239058992,1.0
5e38168c-c307-4cd5-a939-b94dca4a69e1,1885,24.89895120598103,29,75706.0,75.706,0.38306078778432356,3.05519055614891
65b68a45-2b10-49f3-8a4a-8315ef68f969,850,24.797246047027247,9,34278.0,34.278,0.26255907579205323,1.6379644721561377
676840dc-d964-41e5-ad5b-dba3ca8f0208,458,24.46058534501175,4,18724.0,18.724,0.21362956633198035,1.0
68ec06a0-df0b-4061-bbee-6731a0867c41,1200,24.995313378741486,30,48009.0,48.009,0.6248828344685371,2.645346653406737
6b42fb53-9d79-42ea-b1a9-1432d91cc505,1850,24.342745861733203,32,75998.0,75.998,0.4210637122029527,2.223305994827453
6c31c25e-c5dd-41fb-b6c9-87bea11b8a8f,1192,24.99056564216529,18,47698.0,47.698,0.37737431338840205,2.0636549330151155
6fde05fb-ad92-4919-a93f-50f610305a99,523,16.427427207337374,9,31837.0,31.837,0.2826899519427082,1.3684211243477609
702af4cc-906d-40b9-aa8d-8e99be992bde,1229,24.964959678238436,13,49229.0,49.229,0.26407199008714377,1.4206960240954647
708db045-62f6-4722-b354-0cd16fac4d4a,817,24.77860002426301,18,32972.0,32.972,0.5459177483925755,1.984097134358583
72068e71-91db-442d-8bcd-be58091a7210,539,24.584929757343552,12,21924.0,21.924,0.5473453749315819,1.7047807840749956
733a2e49-2496-4e7a-8429-aa233d6038e0,584,16.557042413245636,16,35272.0,35.272,0.4536176003628941,1.3341900701636296
76df77f4-c446-4c7b-a4ea-93a0a4804064,793,24.877650897226754,14,31876.0,31.876,0.4392019073911407,2.167156882902683
7d4a763e-d896-4860-93a1-bad23bde6d35,1622,24.94578674582058,33,65021.0,65.021,0.5075283369988157,1.2862005992876426
7e12c6e6-3302-459e-8b4e-6dc42fbc6bea,452,24.676529999454058,14,18317.0,18.317,0.7643173008680461,1.2541698752628323
8020701b-3b7b-4bda-86cf-933fe5466e5a,606,22.327843484027856,26,27141.0,27.141,0.9579602814929443,2.2662574166535827
81fe54b8-48d6-4929-970f-a999e75bb7f1,722,24.470428740891375,10,29505.0,29.505,0.3389256058295204,1.0
82b8fe9e-d03d-4a52-9b6c-867b927e02e1,2312,24.987841124020534,48,92525.0,92.525,0.5187787084571737,3.462018837979989
8aef2386-7368-499e-a2c5-f4b5da726020,588,23.86654219263709,11,24637.0,24.637,0.44648293217518364,2.0204855517007254
8e0c9b01-b81c-43c8-bb2f-35742dc5b516,2078,25.007822466122708,34,83094.0,83.094,0.409175151033769,1.8466076999744423
97f16cb2-4702-4c1b-9ff8-ec0646a97f40,1253,24.926890405236037,18,50267.0,50.267,0.35808781108878585,1.373428387111642
98102009-4760-4c36-822a-0e48ece5d5fb,1302,24.978896477630265,23,52124.0,52.124,0.44125546773079577,1.4982038382902907
9aeb0915-3140-4f9c-bc4b-6c5e899eb9da,2251,24.9900084373196,38,90076.0,90.076,0.4218659798392469,1.8078857830098114
9daba0c2-5e80-465c-bbbd-f824d9c24657,940,24.68811556139199,24,38075.0,38.075,0.6303348653972423,1.916571359121496
a283fcdf-6ba2-4329-8b8a-9bf558c8231a,977,24.573670707782078,30,39758.0,39.758,0.7545651189697671,1.3774428836379713
a39dd60a-d5b3-4715-b83c-30600cad5cf3,870,20.210937137016217,16,43046.0,43.046,0.37169539562328674,1.6726118662042349
a3b479f6-0430-44be-a23b-b1e580e826e0,213,23.894996634507518,8,8914.0,8.914,0.8974646623289209,1.252476020238891
a586e2c1-54e8-45ba-963f-6cd8077f1e79,923,24.09481295846712,20,38307.0,38.307,0.5220977889158639,1.3858928566282864
a784408d-72a4-47b5-9e2f-6dac761f9ffd,1023,24.989618193810003,14,40937.0,40.937,0.34198890978821117,1.7788916647969268
a8557488-eb49-4d5f-ae1c-b72363c44416,16432,23.238284338058204,26,707109.0,707.109,0.036769437243762984,1.768134745272638
a941ce89-6cf0-4690-830f-cd35b97730fc,684,16.185135231064102,9,42261.0,42.261,0.21296230567189606,1.0460435543519908
aa394ce7-db73-4ab9-9735-eece7d619911,1074,24.964552195439435,16,43021.0,43.021,0.3719113921108296,1.3312223389680393
ab15ea54-ae59-4532-b89c-ff821a0116c0,319,21.513353115727003,5,14828.0,14.828,0.33719989209603457,1.672690432708981
aee0f8a7-c99c-42ae-94c4-d8ec1569987d,1630,24.907551725191777,33,65442.0,65.442,0.5042633171357844,1.2232851750617244
b73a72b8-9607-4085-9706-7f0f9b926843,1147,21.089210855335736,37,54388.0,54.388,0.6802971243656689,1.582735793514176
b9c7d764-2da0-4564-b4d7-914e99573ad0,2031,25.004616805170823,33,81225.0,81.225,0.40627885503231764,1.599415652047974
ba324c50-e854-441f-b056-1cf50bc158d9,1283,24.446476887313747,28,52482.0,52.482,0.5335162531915705,2.3092698939309275
bad1870e-b99a-4d8e-b4ab-bf544d71d0ec,828,24.720845524571565,22,33494.0,33.494,0.6568340598316116,1.5383148245467246
bc0021f5-8e05-402d-9ce3-a9a63f51f658,1772,24.971463198094728,60,70961.0,70.961,0.8455348712673159,2.286786747482853
c1b520fe-6dfe-4175-8e0e-12f182397fe6,950,24.609486309354196,17,38603.0,38.603,0.44038028132528556,2.9416018581062855
c75ee419-2f3e-4f9a-b92b-d412c0272e70,1194,24.35094732119185,10,49033.0,49.033,0.2039442824220423,1.8954776658942138
ca453e48-2aa7-4fdb-9e93-8837f7729333,1195,24.949370524249954,25,47897.0,47.897,0.521953358247907,1.8497626141077121
d54c2d38-a344-4acc-a58f-98900e4f3d25,371,23.96640826873385,12,15480.0,15.48,0.7751937984496123,1.7850452121097007
da1fc0bd-2274-48c6-935d-bd4303dfc0a7,924,24.7376311844078,21,37352.0,37.352,0.5622188905547227,2.0499824319517788
dab3e35d-a740-4109-9515-556e82ceb612,83,23.60637087599545,3,3516.0,3.516,0.8532423208191127,2.1275933412587777
ded60c6e-ad75-4508-afdf-8caa0efe3410,1210,14.990274904297626,24,80719.0,80.719,0.29732776669681243,2.271829868777809
e0706a41-3231-4374-a546-2d56f686f34c,706,24.732011490226302,21,28546.0,28.546,0.7356547327121138,1.2073547839010952
e2de2353-af57-4348-aa6b-a0e7cfb609d1,1268,24.958664672073063,32,50804.0,50.804,0.6298716636485315,2.296014049001717
e3a761b1-e739-49a7-bd95-cf33e2a3813c,406,24.877450980392158,11,16320.0,16.32,0.6740196078431372,1.417565178470141
e4410d18-7cd2-4198-9c4a-67901559288f,694,24.708060381657646,22,28088.0,28.088,0.7832526345770435,1.7050851831931773
e4bdced0-2d54-4933-84d0-f3f80c285a06,503,24.637539184952978,12,20416.0,20.416,0.5877742946708464,3.0109296056257
e61b4eb5-dbda-48c1-b18a-899e7395c612,1377,24.939778675311974,24,55213.0,55.213,0.434680238349664,1.3302605415501965
e8d06654-451d-4d8f-b3f7-dd47d9317828,804,24.38062892318889,29,32977.0,32.977,0.8794007944931317,1.5177477341332355
ea3dc494-f4e6-48c2-813c-6de68d7a45e8,1220,24.997950987623963,23,48804.0,48.804,0.4712728464879928,1.4871250361819528
eb870660-81e6-42e1-be24-2ca77d82d4ce,636,24.452133794694348,9,26010.0,26.01,0.3460207612456747,1.1647111059198734
ec43a56a-d5a9-42a4-98fa-46840df7e093,433,20.306711063171225,12,21323.0,21.323,0.5627725929747222,1.2103168482843867
ed69ac01-e271-4d3c-bf27-f6d78d635fe4,576,17.74983821762041,2,32451.0,32.451,0.061631382700070875,1.0
ed793ccf-cf9c-4b54-9951-a243e876cc49,2589,24.944840011947317,6,103789.0,103.789,0.05780959446569482,2.607336834063793
ef7225ed-ba06-41be-aefa-296cc50370f6,470,24.15086583423257,10,19461.0,19.461,0.5138482092389909,1.798824743670471
f5a43f10-de46-4cf5-bce3-9df18286d3d4,1077,21.676998631350134,48,49684.0,49.684,0.96610578858385,3.0235604957719597
f5b5e557-ecf7-4d49-a4b3-1c2cde77ea6f,2046,24.994197339327382,30,81859.0,81.859,0.36648383195494694,2.18760036342978
f709f384-1ebc-4302-978c-d19289570ee9,1266,24.43921084128026,16,51802.0,51.802,0.3088683834600981,1.2905246595214948
f8350255-0cb7-49ec-a1ed-f6d608da537a,1566,20.87248590507417,53,75027.0,75.027,0.7064123582177083,1.6312398867810385
f848edac-87b3-458d-8ccc-7759502a11c9,784,24.743569512387566,17,31685.0,31.685,0.53653148177371,1.8102456508498759
f97814c0-fdd1-4911-ae4f-aa1459d6fa5b,1020,24.420609078720553,23,41768.0,41.768,0.5506607929515418,1.7590634760156134
fc278ad6-5094-4033-8af8-1a9f63a49278,485,24.676910552559274,12,19654.0,19.654,0.6105627353210542,1.1458878517667013
fe672941-07cb-4dcc-9668-f50d2d067848,1624,24.946236559139788,25,65100.0,65.1,0.3840245775729647,2.0095464597756574
