participant_id,total_hovertime_ms,n_hovers,mean_hovertime_ms,median_hovertime_ms,sd_hovertime_ms,total_hovertime_s,mean_hovertime_s,median_hovertime_s,sd_hovertime_s
01caf55c-3693-4aa3-bac2-862230173a5e,170272,57,2987.2280701754385,1556.0,3643.946668387882,170.272,2.9872280701754383,1.556,3.6439466683878816
01f97700-9c92-4464-9bf8-21132acaa881,63215,28,2257.6785714285716,938.0,3138.035868991839,63.215,2.2576785714285714,0.938,3.138035868991839
05bcca80-e838-4ef3-8ba8-39e870310e8f,35579,12,2964.9166666666665,1225.0,3749.4007874794497,35.579,2.9649166666666664,1.225,3.7494007874794497
09836b97-00f6-47f3-b9aa-c34ad5867121,45903,18,2550.1666666666665,995.0,5253.010411407248,45.903,2.5501666666666667,0.995,5.2530104114072484
0c8e7770-1c3e-40d4-af3e-561d63ec9aa3,29332,17,1725.4117647058824,1878.0,1376.9775351664025,29.332,1.7254117647058824,1.878,1.3769775351664024
10bcc14f-7fd9-4646-80bc-7eff4d2e1097,6927,15,461.8,217.0,522.2023690923991,6.927,0.4618,0.217,0.522202369092399
10e43c6b-430c-47be-8c7e-acfe0fe439b5,27442,10,2744.2,483.5,5095.1100260718395,27.442,2.7441999999999998,0.4835,5.09511002607184
15b9dd42-a1f4-43d2-a040-9bfa65d63082,65023,14,4644.5,2881.5,4112.814285395567,65.023,4.6445,2.8815,4.112814285395567
1826a545-f6f3-47b9-a091-81477ba89250,48314,18,2684.1111111111113,894.0,5498.613588777884,48.314,2.684111111111111,0.894,5.498613588777884
21e9b22a-8b1c-4ce7-ab1e-b805e86aaf46,46053,19,2423.842105263158,1033.0,2878.6935938056245,46.053,2.423842105263158,1.033,2.8786935938056244
23242b4f-c591-42a9-98cd-e26b42ba18ad,28082,38,739.0,533.5,902.4623073659178,28.082,0.739,0.5335,0.9024623073659178
241ca21f-0214-47fa-933c-b2c656f1819d,163646,41,3991.3658536585367,1616.0,6456.361331106313,163.646,3.991365853658537,1.616,6.456361331106312
2a788a65-9288-433d-8ecb-788fe69b57cd,55596,31,1793.4193548387098,734.0,2724.7706420197833,55.596,1.7934193548387098,0.734,2.7247706420197835
2b5fd31a-dc2d-4c05-95ff-75759c2649bf,17766,12,1480.5,250.0,1966.187473721207,17.766,1.4805,0.25,1.966187473721207
2c25fe81-e77f-42e9-a479-03b5afe3458f,26736,7,3819.4285714285716,1032.0,6468.104097728145,26.736,3.8194285714285714,1.032,6.468104097728145
2dc94996-ea7a-44cc-be3b-0bbd7ec42803,58022,19,3053.7894736842104,2866.0,3166.7519212900384,58.022,3.0537894736842106,2.866,3.1667519212900386
2f307df5-73a6-4ad9-95a1-c6498d36592c,14131,10,1413.1,909.5,1899.2902446264848,14.131,1.4130999999999998,0.9095,1.8992902446264848
302cd5a0-6497-4343-9fd1-2ec4452aa871,52533,24,2188.875,1685.5,1897.4560386154565,52.533,2.188875,1.6855,1.8974560386154564
323f6fc6-61e4-4046-aef4-847a1bec0563,55988,14,3999.1428571428573,2175.0,4816.837198142221,55.988,3.9991428571428576,2.175,4.8168371981422204
34b28b92-79f6-485d-8575-d6a9fa2384d0,17064,6,2844.0,2551.5,1911.653943578701,17.064,2.844,2.5515,1.911653943578701
35e66184-3e42-45f7-bf6a-5d675bcac6da,50908,23,2213.391304347826,2250.0,2056.6099585821153,50.908,2.213391304347826,2.25,2.0566099585821154
3d04f793-44fb-481f-99d5-1eb2fb1147e4,141967,18,7887.055555555556,7785.5,7312.341078994849,141.967,7.8870555555555555,7.7855,7.31234107899485
3e13c82d-da28-4d66-ba9a-2d0a95d8b438,1807,22,82.13636363636364,79.0,30.79470494766678,1.807,0.08213636363636365,0.079,0.03079470494766678
3f225600-a051-470e-933a-a9a60cdc22da,61975,21,2951.190476190476,2199.0,3975.930578104296,61.975,2.9511904761904764,2.199,3.975930578104296
41d30187-dfd3-43cd-8504-1e8c11db983d,16350,15,1090.0,1067.0,710.1856900034767,16.35,1.09,1.067,0.7101856900034766
43cddaa8-35f1-4dc3-bcdf-fd80d1b7c5a8,73790,26,2838.076923076923,693.0,6010.389331303435,73.79,2.838076923076923,0.693,6.010389331303435
44c59528-60b4-4714-bbce-2bf537e97e56,50862,28,1816.5,1034.0,2896.8930802703985,50.862,1.8165,1.034,2.8968930802703987
458e3744-4439-4fdc-826c-5dc2212959b0,11484,5,2296.8,384.0,3237.985901760537,11.484,2.2968,0.384,3.237985901760537
4a16ecf4-0324-4baf-a38f-1ea98ce73fc3,9191,4,2297.75,1178.5,3188.139203882624,9.191,2.29775,1.1785,3.1881392038826237
4aa8ea4c-b876-4599-a707-1bad68e2ac47,71497,19,3763.0,1000.0,5783.4212193130115,71.497,3.763,1.0,5.783421219313012
4b7264c1-03ae-4401-ae7b-3d5418e244fa,28246,10,2824.6,1916.5,2261.9601725543757,28.246,2.8245999999999998,1.9165,2.261960172554376
4b735901-9e3e-43de-8dd8-54e74dcf0910,30810,10,3081.0,1602.5,3018.1228529593614,30.81,3.081,1.6025,3.0181228529593613
4b8b5d28-8ca9-4b2d-be09-796cd60ff22f,1736,3,578.6666666666666,638.0,496.6652125258355,1.736,0.5786666666666667,0.638,0.4966652125258355
50af3813-4730-4b8e-b200-16ba76811d68,14340,4,3585.0,1332.0,5215.252758336199,14.34,3.585,1.332,5.215252758336199
50cb55ec-c55f-4275-b3f8-a119e6ae6ef1,122914,32,3841.0625,1114.0,6312.527631047799,122.914,3.8410625,1.114,6.312527631047799
51381787-c3a4-4a69-a44d-0750124ee2ad,237638,108,2200.3518518518517,782.0,3424.738883053616,237.638,2.2003518518518517,0.782,3.424738883053616
51c72b18-d63d-4293-a20a-58955ea921f9,1070,3,356.6666666666667,179.0,377.29873221803086,1.07,0.3566666666666667,0.179,0.37729873221803084
51eeb71d-7fb3-47dc-ae2a-00e20701fa68,51758,28,1848.5,1023.0,2363.4339972292987,51.758,1.8485,1.023,2.363433997229299
5dea9317-cab2-4546-bc93-eb063052932c,1369,14,97.78571428571429,86.5,37.91727548518987,1.369,0.0977857142857143,0.0865,0.03791727548518987
5e38168c-c307-4cd5-a939-b94dca4a69e1,72151,15,4810.066666666667,600.0,9958.621881613559,72.151,4.810066666666667,0.6,9.958621881613558
65b68a45-2b10-49f3-8a4a-8315ef68f969,32110,8,4013.75,788.5,7470.457372687622,32.11,4.01375,0.7885,7.470457372687623
676840dc-d964-41e5-ad5b-dba3ca8f0208,641,11,58.27272727272727,51.0,21.97767462262971,0.641,0.058272727272727275,0.051,0.02197767462262971
68ec06a0-df0b-4061-bbee-6731a0867c41,36645,24,1526.875,755.0,1829.6600851453015,36.645,1.526875,0.755,1.8296600851453015
6b42fb53-9d79-42ea-b1a9-1432d91cc505,58155,30,1938.5,1415.0,2449.390659622976,58.155,1.9385,1.415,2.449390659622976
6c31c25e-c5dd-41fb-b6c9-87bea11b8a8f,43605,18,2422.5,1854.0,2749.342429403374,43.605,2.4225,1.854,2.7493424294033737
6fde05fb-ad92-4919-a93f-50f610305a99,28686,8,3585.75,2934.5,4277.9335047927725,28.686,3.58575,2.9345,4.277933504792773
702af4cc-906d-40b9-aa8d-8e99be992bde,28612,16,1788.25,142.0,3413.931741164919,28.612,1.78825,0.142,3.413931741164919
708db045-62f6-4722-b354-0cd16fac4d4a,30021,15,2001.4,1125.0,3075.962144481904,30.021,2.0014000000000003,1.125,3.075962144481904
733a2e49-2496-4e7a-8429-aa233d6038e0,15478,15,1031.8666666666666,759.0,886.6584031122267,15.478,1.0318666666666665,0.759,0.8866584031122267
76df77f4-c446-4c7b-a4ea-93a0a4804064,29645,13,2280.3846153846152,2016.0,2454.362698626724,29.645,2.2803846153846155,2.016,2.454362698626724
7d4a763e-d896-4860-93a1-bad23bde6d35,53321,24,2221.7083333333335,917.5,3008.9007161964546,53.321,2.2217083333333334,0.9175,3.0089007161964547
81fe54b8-48d6-4929-970f-a999e75bb7f1,1682,27,62.2962962962963,48.0,70.17769468933011,1.682,0.0622962962962963,0.048,0.0701776946893301
82b8fe9e-d03d-4a52-9b6c-867b927e02e1,90619,40,2265.475,1189.5,2643.4557800155153,90.619,2.265475,1.1895,2.643455780015515
8aef2386-7368-499e-a2c5-f4b5da726020,19557,14,1396.9285714285713,781.5,1580.3777281828113,19.557,1.3969285714285713,0.7815,1.5803777281828113
8e0c9b01-b81c-43c8-bb2f-35742dc5b516,56797,30,1893.2333333333333,1066.0,2339.4056080232376,56.797,1.8932333333333333,1.066,2.3394056080232377
97f16cb2-4702-4c1b-9ff8-ec0646a97f40,29452,9,3272.4444444444443,2615.0,2737.879978702094,29.452,3.2724444444444445,2.615,2.737879978702094
98102009-4760-4c36-822a-0e48ece5d5fb,37561,16,2347.5625,663.5,3057.3150305183362,37.561,2.3475625,0.6635,3.0573150305183363
9aeb0915-3140-4f9c-bc4b-6c5e899eb9da,61947,28,2212.3928571428573,957.5,3190.7970946467826,61.947,2.2123928571428575,0.9575,3.1907970946467827
9daba0c2-5e80-465c-bbbd-f824d9c24657,31915,19,1679.7368421052631,1199.0,2153.759344910539,31.915,1.6797368421052632,1.199,2.1537593449105388
a283fcdf-6ba2-4329-8b8a-9bf558c8231a,26217,26,1008.3461538461538,823.0,735.9997794732111,26.217,1.0083461538461538,0.823,0.7359997794732112
a39dd60a-d5b3-4715-b83c-30600cad5cf3,38989,11,3544.4545454545455,691.0,5207.073522884738,38.989,3.5444545454545455,0.691,5.207073522884738
a3b479f6-0430-44be-a23b-b1e580e826e0,6842,6,1140.3333333333333,578.5,1315.879883069373,6.842,1.1403333333333332,0.5785,1.315879883069373
a586e2c1-54e8-45ba-963f-6cd8077f1e79,31100,10,3110.0,2300.0,2959.5460237453085,31.1,3.11,2.3,2.9595460237453084
a784408d-72a4-47b5-9e2f-6dac761f9ffd,38461,8,4807.625,4973.5,4424.52131188061,38.461,4.807625,4.9735,4.42452131188061
a8557488-eb49-4d5f-ae1c-b72363c44416,635271,12,52939.25,1190.0,173495.8758624984,635.271,52.93925,1.19,173.4958758624984
a941ce89-6cf0-4690-830f-cd35b97730fc,21072,13,1620.923076923077,129.0,3252.178409967142,21.072,1.620923076923077,0.129,3.2521784099671422
aa394ce7-db73-4ab9-9735-eece7d619911,39011,15,2600.733333333333,514.0,3754.5435420998665,39.011,2.6007333333333333,0.514,3.7545435420998663
ab15ea54-ae59-4532-b89c-ff821a0116c0,12498,7,1785.4285714285713,1152.0,2173.887520636924,12.498,1.7854285714285714,1.152,2.173887520636924
b73a72b8-9607-4085-9706-7f0f9b926843,29286,30,976.2,491.5,1196.3615933608723,29.286,0.9762000000000001,0.4915,1.1963615933608724
b9c7d764-2da0-4564-b4d7-914e99573ad0,79158,21,3769.4285714285716,2811.0,4250.030677200208,79.158,3.7694285714285716,2.811,4.250030677200208
bad1870e-b99a-4d8e-b4ab-bf544d71d0ec,21167,17,1245.1176470588234,683.0,1238.4226803858678,21.167,1.2451176470588234,0.683,1.2384226803858678
bc0021f5-8e05-402d-9ce3-a9a63f51f658,49366,31,1592.4516129032259,1152.0,1715.5967637862861,49.366,1.5924516129032258,1.152,1.7155967637862861
c1b520fe-6dfe-4175-8e0e-12f182397fe6,26426,18,1468.111111111111,1218.5,1252.308733259771,26.426,1.4681111111111111,1.2185,1.252308733259771
cf397873-6203-4597-88de-171a739c1873,39621,11,3601.909090909091,920.0,5809.934912794557,39.621,3.601909090909091,0.92,5.809934912794557
d54c2d38-a344-4acc-a58f-98900e4f3d25,11131,15,742.0666666666667,314.0,745.6866889620856,11.131,0.7420666666666668,0.314,0.7456866889620856
da1fc0bd-2274-48c6-935d-bd4303dfc0a7,35081,12,2923.4166666666665,2381.5,2492.9598129107253,35.081,2.9234166666666663,2.3815,2.4929598129107253
ded60c6e-ad75-4508-afdf-8caa0efe3410,21985,26,845.5769230769231,157.5,1343.531173380861,21.985,0.8455769230769231,0.1575,1.343531173380861
e0706a41-3231-4374-a546-2d56f686f34c,21417,16,1338.5625,834.0,1751.8936409401874,21.417,1.3385625,0.834,1.7518936409401875
e2de2353-af57-4348-aa6b-a0e7cfb609d1,38680,19,2035.7894736842106,1327.0,2245.3178586894346,38.68,2.035789473684211,1.327,2.2453178586894347
e3a761b1-e739-49a7-bd95-cf33e2a3813c,4229,10,422.9,392.5,164.60893049892525,4.229,0.4229,0.3925,0.16460893049892525
e4410d18-7cd2-4198-9c4a-67901559288f,26957,14,1925.5,1307.0,1743.101733647854,26.957,1.9255,1.307,1.743101733647854
e4bdced0-2d54-4933-84d0-f3f80c285a06,18546,14,1324.7142857142858,923.5,1867.2456238481911,18.546,1.3247142857142857,0.9235,1.8672456238481911
e8d06654-451d-4d8f-b3f7-dd47d9317828,17289,40,432.225,180.5,518.9322117431287,17.289,0.432225,0.1805,0.5189322117431288
ea3dc494-f4e6-48c2-813c-6de68d7a45e8,45116,16,2819.75,902.0,3778.858795985899,45.116,2.81975,0.902,3.778858795985899
eb870660-81e6-42e1-be24-2ca77d82d4ce,3638,2,1819.0,1819.0,1581.0907627331203,3.638,1.819,1.819,1.5810907627331203
ec43a56a-d5a9-42a4-98fa-46840df7e093,17493,9,1943.6666666666667,2443.0,1164.1951082185494,17.493,1.9436666666666667,2.443,1.1641951082185493
ed69ac01-e271-4d3c-bf27-f6d78d635fe4,12672,6,2112.0,1391.5,2196.9046406250773,12.672,2.112,1.3915,2.1969046406250774
ed793ccf-cf9c-4b54-9951-a243e876cc49,100149,20,5007.45,3310.5,5152.174139699615,100.149,5.0074499999999995,3.3105,5.152174139699615
f5a43f10-de46-4cf5-bce3-9df18286d3d4,41699,54,772.2037037037037,424.5,1929.5712338240112,41.699,0.7722037037037037,0.4245,1.9295712338240112
f5b5e557-ecf7-4d49-a4b3-1c2cde77ea6f,67200,16,4200.0,1572.5,5781.810765956747,67.2,4.2,1.5725,5.781810765956747
f709f384-1ebc-4302-978c-d19289570ee9,49456,14,3532.5714285714284,2093.0,4859.142797374319,49.456,3.5325714285714285,2.093,4.85914279737432
f8350255-0cb7-49ec-a1ed-f6d608da537a,71190,63,1130.0,733.0,1433.2892466338149,71.19,1.13,0.733,1.433289246633815
f848edac-87b3-458d-8ccc-7759502a11c9,24937,11,2267.0,999.0,4088.262124668623,24.937,2.267,0.999,4.088262124668623
f97814c0-fdd1-4911-ae4f-aa1459d6fa5b,23303,18,1294.611111111111,675.0,1804.229251733398,23.303,1.2946111111111112,0.675,1.804229251733398
fe672941-07cb-4dcc-9668-f50d2d067848,62226,22,2828.4545454545455,1333.0,4717.149338190162,62.226,2.8284545454545453,1.333,4.717149338190162
