participant_id,mean_acc_norm_s2,std_acc_norm_s2,max_acc_norm_s2,min_acc_norm_s2,n_acc_steps
01caf55c-3693-4aa3-bac2-862230173a5e,0.12152018344743533,46.67777097995792,695.709922851521,-744.8260952783995,4888
01f97700-9c92-4464-9bf8-21132acaa881,0.03863721013291585,66.4671412155915,1025.8928121177937,-927.3788024064529,1422
05bcca80-e838-4ef3-8ba8-39e870310e8f,-0.012954211699673783,69.944701636242,1409.9144110453228,-1360.2318143644436,1281
09836b97-00f6-47f3-b9aa-c34ad5867121,-0.6348748869675418,75.89059078232329,810.9316739704456,-1302.28775551063,1033
0c8e7770-1c3e-40d4-af3e-561d63ec9aa3,-0.8369227405507301,103.75474396921,950.1859713683142,-1285.248557899957,787
10bcc14f-7fd9-4646-80bc-7eff4d2e1097,0.14488736595275453,94.95920466451969,930.3180704415076,-704.6846168070176,381
10e43c6b-430c-47be-8c7e-acfe0fe439b5,0.20476641595943076,68.47121331692968,855.4322897217842,-898.3063309321896,655
125fe34e-d1f0-498a-8fd0-5d0cf21e030d,1.1821899119083021,107.13846071317684,2436.7216809623983,-1205.328283737809,1669
15b9dd42-a1f4-43d2-a040-9bfa65d63082,-0.008277906007833064,47.1812936764045,1149.899491245463,-1127.5116816599818,2601
1826a545-f6f3-47b9-a091-81477ba89250,1.414170893764867,113.36553380294123,3074.2103312879763,-1606.2201486103274,1262
21e9b22a-8b1c-4ce7-ab1e-b805e86aaf46,0.4332203198785948,75.41556876429728,1477.1962468897025,-917.6470259220179,1242
23242b4f-c591-42a9-98cd-e26b42ba18ad,0.2358598710529544,94.29143594077559,747.1472947230995,-680.9257156862842,502
241ca21f-0214-47fa-933c-b2c656f1819d,-0.003975874478167519,36.606791621107114,1072.9561870580403,-952.0328865805396,3600
2a788a65-9288-433d-8ecb-788fe69b57cd,0.02311869455756817,125.97927820120555,1840.3458274092434,-1389.7846188196502,1477
2b5fd31a-dc2d-4c05-95ff-75759c2649bf,-0.23600614683946747,111.1497068839986,1301.287821888615,-1262.939272329695,555
2c25fe81-e77f-42e9-a479-03b5afe3458f,0.013271692434304172,91.79759421634124,1509.8035326813736,-1341.4965737518826,714
2dc94996-ea7a-44cc-be3b-0bbd7ec42803,0.7590225613806482,130.25312936043412,2726.6317272487217,-1353.1360604161598,1505
2f307df5-73a6-4ad9-95a1-c6498d36592c,-0.554524711575175,115.97206573359104,1135.9221550480024,-1365.88525694071,416
302cd5a0-6497-4343-9fd1-2ec4452aa871,0.5027365567140056,97.9357512485442,1197.063155378228,-1271.1759367380075,1379
323f6fc6-61e4-4046-aef4-847a1bec0563,-0.2644583308624451,78.80394880429142,1496.8173710528235,-1318.5719654395398,1487
34b28b92-79f6-485d-8575-d6a9fa2384d0,0.04069106350580589,174.61189164713537,3510.216672072598,-3424.60163129034,1005
35e66184-3e42-45f7-bf6a-5d675bcac6da,0.10675158777713274,61.555421561804536,1312.6914773103315,-1076.4779687133803,1464
3d04f793-44fb-481f-99d5-1eb2fb1147e4,-0.050436036385218416,36.368643954552205,1764.924206625395,-1740.898661642808,6189
3e13c82d-da28-4d66-ba9a-2d0a95d8b438,-3.556517891109195,204.25288396797808,2561.4204987626076,-5313.704724324576,1184
3f225600-a051-470e-933a-a9a60cdc22da,-0.36823997020443167,67.58585571904865,844.393009067299,-1240.2022320675953,2092
41d30187-dfd3-43cd-8504-1e8c11db983d,0.42298857509508814,89.50584414729404,1577.0352891361908,-1268.3360603884416,714
43cddaa8-35f1-4dc3-bcdf-fd80d1b7c5a8,-0.04827617498615496,44.384040376889,916.3209110418047,-1052.7942382182437,1759
44c59528-60b4-4714-bbce-2bf537e97e56,0.0033409456651518274,76.45250499688663,957.9642162442789,-760.1754133580713,1127
458e3744-4439-4fdc-826c-5dc2212959b0,0.30103819928430603,122.90107937755644,1378.4211544951615,-1154.8813081190524,420
4a16ecf4-0324-4baf-a38f-1ea98ce73fc3,0.09078117741409601,220.7675932491694,2511.207841670722,-2511.207841670722,321
4aa8ea4c-b876-4599-a707-1bad68e2ac47,0.24401361271128044,94.6153301173784,1415.887857364046,-1191.5236323598197,2086
4b7264c1-03ae-4401-ae7b-3d5418e244fa,0.17986652953565485,70.2795881274164,1278.7526801941215,-1009.6563937428557,1157
4b735901-9e3e-43de-8dd8-54e74dcf0910,-0.13303729291214025,212.4618859556979,2766.4214075718933,-4318.098690574496,1050
4b8b5d28-8ca9-4b2d-be09-796cd60ff22f,0.7180002983714181,233.00535828509115,1551.3490992609554,-1128.492719506076,74
50af3813-4730-4b8e-b200-16ba76811d68,0.19491540783992994,121.34366650219002,1380.68386565715,-1263.5583045373746,402
50cb55ec-c55f-4275-b3f8-a119e6ae6ef1,-0.020442665641071396,119.85207920462219,3696.541381440904,-3696.541381440904,3275
51381787-c3a4-4a69-a44d-0750124ee2ad,0.49139041315027965,83.7300229023135,2006.0989783387795,-2214.4880858891365,7807
51c72b18-d63d-4293-a20a-58955ea921f9,0.09208060292919247,84.22327488285572,1256.5365762231636,-1187.525786252012,473
51eeb71d-7fb3-47dc-ae2a-00e20701fa68,0.0013031911232683452,122.26723538220756,3385.7749121982715,-3470.4192850032287,2641
5dea9317-cab2-4546-bc93-eb063052932c,-4.768673314001694,290.4889015574356,3185.049177528115,-9555.147532584346,1526
5e38168c-c307-4cd5-a939-b94dca4a69e1,0.15797327965543365,71.03442604161617,1547.228652263375,-1206.6504983256025,1883
65b68a45-2b10-49f3-8a4a-8315ef68f969,0.17541156063171892,95.84604572906537,1914.1238992277151,-1483.64981370769,848
676840dc-d964-41e5-ad5b-dba3ca8f0208,-3.899537256146344,222.01291494907412,2461.3364989815345,-3811.101675842376,456
68ec06a0-df0b-4061-bbee-6731a0867c41,0.8683603751841372,73.29552515245562,1235.4218099754723,-1295.422386315577,1198
6b42fb53-9d79-42ea-b1a9-1432d91cc505,0.44062226280731903,90.8041036844292,1780.3757618912043,-1326.081204898489,1848
6c31c25e-c5dd-41fb-b6c9-87bea11b8a8f,0.9698541582558626,99.48021365151193,1995.4485123942793,-1659.084293192399,1190
6fde05fb-ad92-4919-a93f-50f610305a99,-0.006916221479364885,47.96665996870074,477.53404790191956,-385.8942635130968,521
702af4cc-906d-40b9-aa8d-8e99be992bde,0.0509154153998244,101.88038041443242,2345.4207790420223,-2086.7735102425463,1227
708db045-62f6-4722-b354-0cd16fac4d4a,0.2189088590443063,100.38480239711535,1556.1271044038856,-1288.4717444557143,815
72068e71-91db-442d-8bcd-be58091a7210,0.01909921365348134,86.97243196140991,1330.1991741320353,-1353.9664874511807,537
733a2e49-2496-4e7a-8429-aa233d6038e0,-0.008382273801309384,78.11309208905678,684.3580199776512,-684.3580199776512,582
76df77f4-c446-4c7b-a4ea-93a0a4804064,0.3540196054221404,67.57510922326294,1215.0637041890332,-1012.4930390191032,791
7d4a763e-d896-4860-93a1-bad23bde6d35,0.07769629678876792,144.49407764330246,2392.833769633508,-2938.9617973567206,1620
7e12c6e6-3302-459e-8b4e-6dc42fbc6bea,0.3253639497517385,26.914616553991493,169.55706599776613,-311.3276117153342,450
81fe54b8-48d6-4929-970f-a999e75bb7f1,-0.37394566082490177,166.88792651967785,2031.2798645879702,-2245.098797702494,720
82b8fe9e-d03d-4a52-9b6c-867b927e02e1,0.05645558178908551,66.60986366483061,1155.9247035097835,-1057.9701408324388,2310
8aef2386-7368-499e-a2c5-f4b5da726020,0.14698000501888914,97.27961683002434,1202.367590596488,-922.5685709208377,586
8e0c9b01-b81c-43c8-bb2f-35742dc5b516,-0.15330431030364813,73.18843239538894,1295.9185093314509,-1263.6328194282855,2076
97f16cb2-4702-4c1b-9ff8-ec0646a97f40,0.19722806794495013,86.81053608682895,1851.5121924813857,-1579.1596862841018,1251
98102009-4760-4c36-822a-0e48ece5d5fb,0.2943970657697751,103.24798978806952,2690.8714365720925,-2152.697149257674,1300
9aeb0915-3140-4f9c-bc4b-6c5e899eb9da,0.3044811364207594,89.9826582098563,1536.7445527989992,-1130.5401243705473,2249
9daba0c2-5e80-465c-bbbd-f824d9c24657,0.5421531869377673,87.94074651686569,1284.4430595708536,-1256.5642614507585,938
a283fcdf-6ba2-4329-8b8a-9bf558c8231a,0.43113314891799176,88.24476690006215,1052.016647004319,-1135.4907906840933,975
a39dd60a-d5b3-4715-b83c-30600cad5cf3,0.0554216861189674,25.163719291378133,217.36232138665733,-247.31427844818919,868
a3b479f6-0430-44be-a23b-b1e580e826e0,-0.6753389883424911,114.96796193826238,843.3272225638639,-697.3905038416416,211
a586e2c1-54e8-45ba-963f-6cd8077f1e79,-0.10901519562197216,101.39335598315061,1780.226797646679,-1322.501371394575,921
a784408d-72a4-47b5-9e2f-6dac761f9ffd,0.35414274925936184,81.19115995098186,1294.5579821738188,-954.407177288463,1021
a8557488-eb49-4d5f-ae1c-b72363c44416,-0.0036864572147421453,19.66970963233856,1208.1731403870021,-1070.6912301120383,16430
a941ce89-6cf0-4690-830f-cd35b97730fc,0.13416827967785605,145.3473180251597,1979.257749241139,-1914.364052544708,682
aa394ce7-db73-4ab9-9735-eece7d619911,0.13796398529925802,95.29303561031645,1340.4129594195465,-1235.2960981364608,1072
ab15ea54-ae59-4532-b89c-ff821a0116c0,-1.0350175231775116,73.83141186315501,558.7606922811159,-461.76897689085047,317
aee0f8a7-c99c-42ae-94c4-d8ec1569987d,-0.010563085711950146,78.51671966050655,1220.2453714803478,-963.076468897311,1628
b73a72b8-9607-4085-9706-7f0f9b926843,0.011966286706099784,87.83907156912323,744.2010619652417,-627.2047876266524,1145
b9c7d764-2da0-4564-b4d7-914e99573ad0,0.8921983113247268,77.27533424554352,1402.9752721659472,-1100.5280107193462,2029
bad1870e-b99a-4d8e-b4ab-bf544d71d0ec,1.1009520792782226,153.40212878429938,1873.9230083118655,-2038.9573242888384,826
bc0021f5-8e05-402d-9ce3-a9a63f51f658,1.0552055197473038,98.35799564357022,2285.2144212451317,-1734.724563232179,1770
c1b520fe-6dfe-4175-8e0e-12f182397fe6,-0.004210131207610783,80.52215707148967,1340.9854505542833,-1273.397101571804,948
ca453e48-2aa7-4fdb-9e93-8837f7729333,-0.14608694823494414,77.53701523283809,1597.3405960412142,-1560.6753289192593,1193
d54c2d38-a344-4acc-a58f-98900e4f3d25,1.6720469938367302,143.16030048177294,1060.646669591939,-1261.8983493220398,369
da1fc0bd-2274-48c6-935d-bd4303dfc0a7,0.7126831804174143,85.40539880054787,1752.4760433575545,-1186.9513404577503,922
dab3e35d-a740-4109-9515-556e82ceb612,-16.47834585845792,304.9038933561812,684.2771487078423,-2208.3063155261952,81
ded60c6e-ad75-4508-afdf-8caa0efe3410,1.5729907732793167,161.16929335300267,3444.4022035458324,-2517.9271541676194,1208
e0706a41-3231-4374-a546-2d56f686f34c,0.31981782756459076,87.86713188500431,858.5463673785712,-983.8395011503944,704
e2de2353-af57-4348-aa6b-a0e7cfb609d1,0.08097305733218603,70.91844361468699,1537.3268234281143,-1280.0248441443377,1266
e3a761b1-e739-49a7-bd95-cf33e2a3813c,0.22553886928387465,108.99694407152803,1319.6891896795157,-1260.2605969865929,404
e4410d18-7cd2-4198-9c4a-67901559288f,0.8486508464043758,146.09935170517394,1895.7413626617433,-1113.0749250046372,692
e4bdced0-2d54-4933-84d0-f3f80c285a06,1.805448176430425,136.4086155384167,2229.119882883752,-1408.7761392317593,501
e61b4eb5-dbda-48c1-b18a-899e7395c612,0.021868971437334087,50.41049700526768,1136.8830288501247,-1079.0005751667645,1375
e8d06654-451d-4d8f-b3f7-dd47d9317828,0.12734366777348882,85.87226291679721,1209.487585433623,-1161.8951158564705,802
ea3dc494-f4e6-48c2-813c-6de68d7a45e8,0.45269449540277157,106.8429517249186,1631.2820810144444,-1307.3903953618867,1218
eb870660-81e6-42e1-be24-2ca77d82d4ce,1.1745969139274035,140.40264843935464,2166.4947021507246,-1758.5919114393491,634
ec43a56a-d5a9-42a4-98fa-46840df7e093,-0.005677239567592277,78.49631677541834,953.2759476995332,-937.2481393089973,431
ed69ac01-e271-4d3c-bf27-f6d78d635fe4,-0.19381189380551675,233.23616405289405,3642.557995166879,-3553.71511723598,574
ed793ccf-cf9c-4b54-9951-a243e876cc49,0.2699010503806585,67.07810549601582,2702.4161762372246,-1714.8587363819179,2587
f5a43f10-de46-4cf5-bce3-9df18286d3d4,0.027103279433469418,77.05772068805082,1021.3891198765522,-901.4538098155372,1075
f5b5e557-ecf7-4d49-a4b3-1c2cde77ea6f,0.1795821993381671,128.57729360555913,3230.599033484166,-2702.633108057111,2044
f709f384-1ebc-4302-978c-d19289570ee9,0.021833508502889336,72.53854802161047,1351.757927130474,-1247.8089211534082,1264
f8350255-0cb7-49ec-a1ed-f6d608da537a,-0.019551564286026297,93.20295909458687,1263.0598562007451,-727.1799058391977,1564
f848edac-87b3-458d-8ccc-7759502a11c9,1.541535391689887,129.51503520382528,2257.814363528315,-1747.5330505865584,782
f97814c0-fdd1-4911-ae4f-aa1459d6fa5b,0.1228687415141968,116.89102398413328,1237.7587804898915,-1253.4597487694887,1018
fe672941-07cb-4dcc-9668-f50d2d067848,2.2038298812719046,195.45853785178278,6449.380214287304,-2915.355226966866,1622
